-- phpMyAdmin SQL Dump
-- version 4.7.9
-- https://www.phpmyadmin.net/
--
-- Hôte : 127.0.0.1:3306
-- Généré le :  jeu. 03 mars 2022 à 06:53
-- Version du serveur :  5.7.21
-- Version de PHP :  5.6.35

SET SQL_MODE = "NO_AUTO_VALUE_ON_ZERO";
SET AUTOCOMMIT = 0;
START TRANSACTION;
SET time_zone = "+00:00";


/*!40101 SET @OLD_CHARACTER_SET_CLIENT=@@CHARACTER_SET_CLIENT */;
/*!40101 SET @OLD_CHARACTER_SET_RESULTS=@@CHARACTER_SET_RESULTS */;
/*!40101 SET @OLD_COLLATION_CONNECTION=@@COLLATION_CONNECTION */;
/*!40101 SET NAMES utf8mb4 */;

--
-- Base de données :  `bank`
--

-- --------------------------------------------------------

--
-- Structure de la table `adherent`
--

DROP TABLE IF EXISTS `adherent`;
CREATE TABLE IF NOT EXISTS `adherent` (
  `membre_id` bigint(20) NOT NULL AUTO_INCREMENT,
  `cni` varchar(255) DEFAULT NULL,
  `fonction` varchar(255) DEFAULT NULL,
  `lieu_naiss` varchar(255) DEFAULT NULL,
  `nom` varchar(255) DEFAULT NULL,
  `prenom` varchar(255) DEFAULT NULL,
  `situation` varchar(255) DEFAULT NULL,
  `type` varchar(255) DEFAULT NULL,
  `unique_name` varchar(255) DEFAULT NULL,
  PRIMARY KEY (`membre_id`)
) ENGINE=MyISAM AUTO_INCREMENT=65 DEFAULT CHARSET=latin1;

--
-- Déchargement des données de la table `adherent`
--

INSERT INTO `adherent` (`membre_id`, `cni`, `fonction`, `lieu_naiss`, `nom`, `prenom`, `situation`, `type`, `unique_name`) VALUES
(1, '11', 'aucune', 'batié', 'béne ', 'hénock', 'Actif', 'Membre', 'béne  hénock'),
(2, '11', 'aucune', 'batié', 'bouche', 'pierre', 'Actif', 'Membre', 'bouche pierre'),
(3, '11', 'aucune', 'batié', 'djonté', 'm', 'Actif', 'Membre', 'djonté m'),
(4, '11', 'aucune', 'batié', 'domtchom', 'd', 'Actif', 'Membre', 'domtchom d'),
(5, '11', 'aucune', 'batié', 'fodjeu', 'alex', 'Actif', 'Membre', 'fodjeu alex'),
(6, '11', 'aucune', 'batié', 'fogang', 'z', 'Actif', 'Membre', 'fogang z'),
(7, '11', 'aucune', 'batié', 'fomo', 'jean r', 'Actif', 'Membre', 'fomo jean r'),
(8, '11', 'aucune', 'batié', 'fotzeu', 'b', 'Actif', 'Membre', 'fotzeu b'),
(9, '11', 'aucune', 'batié', 'fubis', 'joseph', 'Actif', 'Membre', 'fubis joseph'),
(10, '11', 'aucune', 'batié', 'gapin', 'r', 'Actif', 'Membre', 'gapin r'),
(11, '11', 'aucune', 'batié', 'gomsu', 'joseph', 'Actif', 'Membre', 'gomsu joseph'),
(12, '11', 'aucune', 'batié', 'hapi', 'e', 'Actif', 'Membre', 'hapi e'),
(13, '11', 'aucune', 'batié', 'kambou', 'robert', 'Actif', 'Membre', 'kambou robert'),
(14, '11', 'aucune', 'batié', 'kamga', 'jean p', 'Actif', 'Membre', 'kamga jean p'),
(15, '11', 'president', 'batié', 'kamgang', 'andré', 'Actif', 'Root', 'kamgang andré'),
(16, '11', 'aucune', 'batié', 'kamgang', 'dénis', 'Actif', 'Membre', 'kamgang dénis'),
(17, '11', 'aucune', 'batié', 'kamgang', 'f', 'Actif', 'Membre', 'kamgang f'),
(18, '11', 'aucune', 'batié', 'kamgang', 'g', 'Actif', 'Membre', 'kamgang g'),
(19, '11', 'aucune', 'batié', 'kamgang', 'j', 'Actif', 'Membre', 'kamgang j'),
(20, '11', 'aucune', 'batié', 'kamgang', 'jd', 'Actif', 'Membre', 'kamgang jd'),
(21, '11', 'aucune', 'batié', 'kamgang', 'jp', 'Actif', 'Membre', 'kamgang jp'),
(22, '11', 'aucune', 'batié', 'kamgang', 'me', 'Actif', 'Membre', 'kamgang me'),
(23, '11', 'aucune', 'batié', 'kamgang', 'n', 'Actif', 'Membre', 'kamgang n'),
(24, '11', 'aucune', 'batié', 'kamgang', 'rené', 'Actif', 'Membre', 'kamgang rené'),
(25, '11', 'aucune', 'batié', 'kebiwou', 'ko', 'Actif', 'Membre', 'kebiwou ko'),
(26, '11', 'aucune', 'batié', 'kenmoé', 'claude', 'Actif', 'Membre', 'kenmoé claude'),
(27, '11', 'aucune', 'batié', 'kenmoé', 'jb', 'Actif', 'Membre', 'kenmoé jb'),
(28, '11', 'aucune', 'batié', 'kenmoé', 'mj', 'Actif', 'Membre', 'kenmoé mj'),
(29, '11', 'aucune', 'batié', 'kenmoé', 'tj', 'Actif', 'Membre', 'kenmoé tj'),
(30, '11', 'aucune', 'batié', 'kuinang', 'ya', 'Actif', 'Membre', 'kuinang ya'),
(31, '11', 'aucune', 'batié', 'kuipou', 'e', 'Actif', 'Membre', 'kuipou e'),
(32, '11', 'aucune', 'batié', 'kuipou', 'r', 'Actif', 'Membre', 'kuipou r'),
(33, '11', 'aucune', 'batié', 'laminsi', 's', 'Actif', 'Membre', 'laminsi s'),
(34, '11', 'aucune', 'batié', 'maga', 'richard', 'Actif', 'Membre', 'maga richard'),
(35, '11', 'aucune', 'batié', 'magni', 'é', 'Actif', 'Membre', 'magni é'),
(36, '11', 'aucune', 'batié', 'nganshe', 'jp', 'Actif', 'Membre', 'nganshe jp'),
(37, '11', 'aucune', 'batié', 'ngounou', 'f', 'Actif', 'Membre', 'ngounou f'),
(38, '11', 'aucune', 'batié', 'nguela', 'j', 'Actif', 'Membre', 'nguela j'),
(39, '11', 'aucune', 'batié', 'ngueyap', 'd', 'Actif', 'Membre', 'ngueyap d'),
(40, '11', 'aucune', 'batié', 'nkenmenyi', 'c', 'Actif', 'Membre', 'nkenmenyi c'),
(41, '11', 'aucune', 'batié', 'nopeteu', 'm', 'Actif', 'Membre', 'nopeteu m'),
(42, '11', 'aucune', 'batié', 'noubissi', 'pc', 'Actif', 'Membre', 'noubissi pc'),
(43, '11', 'aucune', 'batié', 'nzengang', 'jp', 'Actif', 'Membre', 'nzengang jp'),
(44, '11', 'aucune', 'batié', 'nzeufo', 'm', 'Actif', 'Membre', 'nzeufo m'),
(45, '11', 'aucune', 'batié', 'nzengang', 'a', 'Actif', 'Membre', 'nzengang a'),
(46, '11', 'aucune', 'batié', 'nzengang', 'z', 'Actif', 'Membre', 'nzengang z'),
(47, '11', 'aucune', 'batié', 'nzeutam', 'p', 'Actif', 'Membre', 'nzeutam p'),
(48, '11', 'aucune', 'batié', 'phumbi', 'j', 'Actif', 'Membre', 'phumbi j'),
(49, '11', 'aucune', ' batié', 'pouegue', 'j', 'Actif', 'Membre', 'pouegue j'),
(50, '11', 'aucune', 'batié', 'sitcheping', 'j', 'Actif', 'Membre', 'sitcheping j'),
(51, '11', 'aucune', 'batié', 'tachedie', 's', 'Actif', 'Membre', 'tachedie s'),
(52, '11', 'aucune', 'batié', 'takougang', 'p', 'Actif', 'Membre', 'takougang p'),
(53, '11', 'aucune', 'batié', 'tamo', 'm', 'Actif', 'Membre', 'tamo m'),
(54, '11', 'aucune', 'batié', 'tchombe', 'p', 'Actif', 'Membre', 'tchombe p'),
(55, '11', 'aucune', 'batié', 'téfang', 'a', 'Actif', 'Membre', 'téfang a'),
(56, '11', 'aucune', 'batié', 'tiyou', 'calvin', 'Actif', 'Membre', 'tiyou calvin'),
(57, '11', 'aucune', 'batié', 'tongmeu', 'g', 'Actif', 'Membre', 'tongmeu g'),
(58, '11', 'aucune', 'batié', 'tonmeu', 'jp', 'Actif', 'Membre', 'tonmeu jp'),
(59, '11', 'aucune', 'batié', 'wanga', 'm', 'Actif', 'Membre', 'wanga m'),
(60, '11', 'aucune', 'batié', 'youdom', 'g', 'Actif', 'Membre', 'youdom g'),
(61, '11', 'aucune', 'batié', 'yougang', 'fl', 'Actif', 'Membre', 'yougang fl'),
(62, '11', 'aucune', 'batié', 'youtha', 'r', 'Actif', 'Membre', 'youtha r'),
(63, '11', 'aucune', 'batié', 'simen', 'gaping', 'Actif', 'Membre', 'simen gaping'),
(64, '11', 'aucune', 'batié', 'youfang', 'p', 'Actif', 'Membre', 'youfang p');

-- --------------------------------------------------------

--
-- Structure de la table `avalise`
--

DROP TABLE IF EXISTS `avalise`;
CREATE TABLE IF NOT EXISTS `avalise` (
  `avalise_id` bigint(20) NOT NULL AUTO_INCREMENT,
  `montant` float DEFAULT NULL,
  `remboursser` bit(1) NOT NULL,
  `reste` float DEFAULT NULL,
  `solder` float DEFAULT NULL,
  `compte_creance_id_creance` bigint(20) DEFAULT NULL,
  `compte_epargne_epargne_id` bigint(20) DEFAULT NULL,
  `compte_tampon_id_tampon` bigint(20) DEFAULT NULL,
  `transaction_transaction_id` bigint(20) DEFAULT NULL,
  PRIMARY KEY (`avalise_id`),
  KEY `FKhr410dhc01lxc04ojy33ut3ws` (`compte_creance_id_creance`),
  KEY `FK2larn9p8xfgsa09bta5dkwcm` (`compte_epargne_epargne_id`),
  KEY `FK62ux5xfbfckmttxxpews2evxa` (`compte_tampon_id_tampon`),
  KEY `FKtmwkhuxnokv3oahnx33mb018a` (`transaction_transaction_id`)
) ENGINE=MyISAM AUTO_INCREMENT=104 DEFAULT CHARSET=latin1;

--
-- Déchargement des données de la table `avalise`
--

INSERT INTO `avalise` (`avalise_id`, `montant`, `remboursser`, `reste`, `solder`, `compte_creance_id_creance`, `compte_epargne_epargne_id`, `compte_tampon_id_tampon`, `transaction_transaction_id`) VALUES
(1, 700000, b'0', NULL, 0, 1, 1, 1, 65),
(2, 824769, b'0', NULL, 0, 2, 2, 2, 66),
(3, 78991, b'0', NULL, 0, 43, 43, 2, 67),
(4, 400000, b'0', NULL, 0, 7, 7, 7, 68),
(5, 1000000, b'0', NULL, 0, 9, 9, 9, 69),
(6, 670152, b'0', NULL, 0, 10, 10, 10, 70),
(7, 13792, b'0', NULL, 0, 11, 11, 10, 71),
(8, 300000, b'0', NULL, 0, 22, 22, 10, 72),
(9, 500000, b'0', NULL, 0, 11, 11, 11, 73),
(10, 426635, b'0', NULL, 0, 13, 13, 13, 74),
(11, 100000, b'0', NULL, 0, 15, 15, 15, 75),
(12, 674006, b'0', NULL, 0, 17, 17, 17, 76),
(13, 400000, b'0', NULL, 0, 18, 18, 18, 77),
(14, 496127, b'0', NULL, 0, 19, 19, 19, 78),
(15, 1000000, b'0', NULL, 0, 20, 20, 20, 79),
(16, 116782, b'0', NULL, 0, 21, 21, 21, 80),
(17, 150000, b'0', NULL, 0, 28, 28, 21, 81),
(18, 300000, b'0', NULL, 0, 22, 22, 22, 82),
(19, 641608, b'0', NULL, 0, 23, 23, 23, 83),
(20, 150000, b'0', NULL, 0, 29, 29, 23, 84),
(21, 100000, b'0', NULL, 0, 44, 44, 23, 85),
(22, 1600000, b'0', NULL, 0, 24, 24, 24, 86),
(23, 160452, b'0', NULL, 0, 27, 27, 27, 87),
(24, 82373, b'0', NULL, 0, 15, 15, 27, 88),
(25, 150000, b'0', NULL, 0, 45, 45, 27, 89),
(26, 100000, b'0', NULL, 0, 50, 50, 27, 90),
(27, 164056, b'0', NULL, 0, 58, 58, 27, 91),
(28, 200000, b'0', NULL, 0, 62, 62, 27, 92),
(29, 704236, b'0', NULL, 0, 31, 31, 31, 93),
(30, 200000, b'0', NULL, 0, 32, 32, 32, 94),
(31, 627300, b'0', NULL, 0, 35, 35, 35, 95),
(32, 235000, b'0', NULL, 0, 24, 24, 35, 96),
(33, 498409, b'0', NULL, 0, 38, 38, 38, 97),
(34, 342794, b'0', NULL, 0, 40, 40, 40, 98),
(35, 322810, b'0', NULL, 0, 41, 41, 41, 99),
(36, 1000000, b'0', NULL, 0, 42, 42, 42, 100),
(37, 500000, b'0', NULL, 0, 43, 43, 43, 101),
(38, 100000, b'0', NULL, 0, 45, 45, 45, 102),
(39, 494204, b'0', NULL, 0, 48, 48, 48, 103),
(40, 922982, b'0', NULL, 0, 49, 49, 49, 104),
(41, 50000, b'0', NULL, 0, 16, 16, 49, 105),
(42, 100000, b'0', NULL, 0, 44, 44, 49, 106),
(43, 300000, b'0', NULL, 0, 52, 52, 52, 107),
(44, 1043710, b'0', NULL, 0, 53, 53, 53, 108),
(45, 200000, b'0', NULL, 0, 55, 55, 55, 109),
(46, 102293, b'0', NULL, 0, 56, 56, 56, 110),
(47, 491983, b'0', NULL, 0, 33, 33, 56, 112),
(48, 608868, b'0', NULL, 0, 59, 59, 59, 113),
(49, 250000, b'0', NULL, 0, 44, 44, 59, 114),
(50, 354428, b'0', NULL, 0, 61, 61, 61, 115),
(51, 200000, b'0', NULL, 0, 24, 24, 61, 116),
(52, 45572, b'0', NULL, 0, 44, 44, 61, 117),
(53, 200000, b'0', NULL, 0, 62, 62, 62, 118),
(54, 640835, b'0', NULL, 0, 46, 46, 46, 119),
(55, 5000, b'0', NULL, 0, 26, 26, 26, 142),
(56, 10000, b'0', NULL, 0, 4, 4, 4, 169),
(57, 10000, b'0', NULL, 0, 10, 10, 10, 170),
(58, 5000, b'0', NULL, 0, 11, 11, 10, 171),
(59, 5000, b'0', NULL, 0, 13, 13, 13, 172),
(60, 5000, b'0', NULL, 0, 27, 27, 27, 173),
(61, 5000, b'0', NULL, 0, 15, 15, 27, 174),
(62, 10000, b'0', NULL, 0, 17, 17, 17, 175),
(63, 5000, b'0', NULL, 0, 19, 19, 19, 176),
(64, 10000, b'0', NULL, 0, 23, 23, 23, 177),
(65, 5000, b'0', NULL, 0, 21, 21, 21, 178),
(66, 5000, b'0', NULL, 0, 31, 31, 31, 179),
(67, 5000, b'0', NULL, 0, 56, 56, 56, 180),
(68, 5000, b'0', NULL, 0, 38, 38, 38, 181),
(69, 5000, b'0', NULL, 0, 40, 40, 40, 182),
(70, 5000, b'0', NULL, 0, 41, 41, 41, 183),
(71, 5000, b'0', NULL, 0, 43, 43, 2, 184),
(72, 5000, b'0', NULL, 0, 46, 46, 46, 185),
(73, 5000, b'0', NULL, 0, 48, 48, 48, 186),
(74, 5000, b'0', NULL, 0, 49, 49, 49, 187),
(75, 5000, b'0', NULL, 0, 53, 53, 53, 188),
(76, 10000, b'0', NULL, 0, 55, 55, 55, 189),
(77, 5000, b'0', NULL, 0, 58, 58, 27, 190),
(78, 71694, b'0', NULL, 0, 4, 4, 4, 191),
(79, 400000, b'0', NULL, 0, 25, 25, 17, 192),
(80, 983650, b'0', NULL, 0, 55, 55, 55, 193),
(81, 10000, b'0', NULL, 0, 6, 6, 6, 197),
(82, 5000, b'0', NULL, 0, 7, 7, 7, 198),
(83, 5000, b'0', NULL, 0, 43, 43, 2, 243),
(84, 10000, b'0', NULL, 0, 10, 10, 10, 244),
(85, 5000, b'0', NULL, 0, 11, 11, 10, 245),
(86, 5000, b'0', NULL, 0, 13, 13, 13, 246),
(87, 5000, b'0', NULL, 0, 27, 27, 27, 247),
(88, 5000, b'0', NULL, 0, 15, 15, 27, 248),
(89, 10000, b'0', NULL, 0, 17, 17, 17, 249),
(90, 5000, b'0', NULL, 0, 19, 19, 19, 250),
(91, 10000, b'0', NULL, 0, 21, 21, 21, 251),
(92, 10000, b'0', NULL, 0, 23, 23, 23, 252),
(93, 5000, b'0', NULL, 0, 31, 31, 31, 253),
(94, 5000, b'0', NULL, 0, 38, 38, 38, 254),
(95, 5000, b'0', NULL, 0, 41, 41, 41, 255),
(96, 5000, b'0', NULL, 0, 46, 46, 46, 256),
(97, 5000, b'0', NULL, 0, 53, 53, 53, 257),
(98, 10000, b'0', NULL, 0, 55, 55, 55, 258),
(99, 5000, b'0', NULL, 0, 56, 56, 56, 259),
(100, 5000, b'0', NULL, 0, 58, 58, 46, 260),
(101, 10000, b'0', NULL, 0, 59, 59, 59, 261),
(102, 10000, b'0', NULL, 0, 61, 61, 61, 262),
(103, 150000, b'0', NULL, 0, 16, 16, 23, 263);

-- --------------------------------------------------------

--
-- Structure de la table `compteepargne`
--

DROP TABLE IF EXISTS `compteepargne`;
CREATE TABLE IF NOT EXISTS `compteepargne` (
  `epargne_id` bigint(20) NOT NULL,
  `avaliser` bit(1) NOT NULL,
  `date_creation` date DEFAULT NULL,
  `fond` float NOT NULL,
  `lacarte` float NOT NULL,
  `solde` float NOT NULL,
  `statut` varchar(255) DEFAULT NULL,
  `adherent_membre_id` bigint(20) DEFAULT NULL,
  `compte_creance_id_creance` bigint(20) DEFAULT NULL,
  `compte_tampon_id_tampon` bigint(20) DEFAULT NULL,
  PRIMARY KEY (`epargne_id`),
  KEY `FKakqeimeme5rjqx373gwgej53s` (`adherent_membre_id`),
  KEY `FKic2n7qsirvxpuyx27niqayh04` (`compte_creance_id_creance`),
  KEY `FKe6vevootdv6l733ekxa9aec2r` (`compte_tampon_id_tampon`)
) ENGINE=MyISAM DEFAULT CHARSET=latin1;

--
-- Déchargement des données de la table `compteepargne`
--

INSERT INTO `compteepargne` (`epargne_id`, `avaliser`, `date_creation`, `fond`, `lacarte`, `solde`, `statut`, `adherent_membre_id`, `compte_creance_id_creance`, `compte_tampon_id_tampon`) VALUES
(1, b'1', '2022-01-01', 0, 36080, 736080, 'Actif', 1, 1, 1),
(2, b'1', '2022-01-01', 0, 0, 824769, 'Actif', 2, 2, 2),
(3, b'0', '2022-01-01', 0, 127751, 127751, 'Actif', 3, 3, 3),
(4, b'1', '2022-01-01', 0, 0, 81694, 'Actif', 4, 4, 4),
(5, b'0', '2022-01-01', 0, 41363, 41363, 'Actif', 5, 5, 5),
(6, b'1', '2022-01-01', 0, 196790, 206790, 'Actif', 6, 6, 6),
(7, b'1', '2022-01-01', 0, 20112, 425112, 'Actif', 7, 7, 7),
(8, b'0', '2022-01-01', 0, 662966, 662966, 'Actif', 8, 8, 8),
(9, b'1', '2022-01-01', 0, 508020, 1508020, 'Actif', 9, 9, 9),
(10, b'1', '2022-01-01', 0, 0, 690152, 'Actif', 10, 10, 10),
(11, b'1', '2022-01-01', 0, 0, 523792, 'Actif', 11, 11, 11),
(12, b'0', '2022-01-01', 0, 52938, 52938, 'Actif', 12, 12, 12),
(13, b'1', '2022-01-01', 0, 0, 436635, 'Actif', 13, 13, 13),
(14, b'0', '2022-01-01', 0, 554988, 554988, 'Actif', 14, 14, 14),
(15, b'1', '2022-01-01', 0, 0, 192373, 'Actif', 15, 15, 15),
(16, b'1', '2022-01-01', 0, 77957, 277957, 'Actif', 16, 16, 16),
(17, b'1', '2022-01-01', 0, 0, 694006, 'Actif', 17, 17, 17),
(18, b'1', '2022-01-01', 0, 106914, 506914, 'Actif', 18, 18, 18),
(19, b'1', '2022-01-01', 0, 0, 506127, 'Actif', 19, 19, 19),
(20, b'1', '2022-01-01', 0, 908240, 1908240, 'Actif', 20, 20, 20),
(21, b'1', '2022-01-01', 0, 0, 131782, 'Actif', 21, 21, 21),
(22, b'1', '2022-01-01', 0, 1055650, 1655650, 'Actif', 22, 22, 22),
(23, b'1', '2022-01-01', 0, 0, 661608, 'Actif', 23, 23, 23),
(24, b'1', '2022-01-01', 0, 3676900, 5711900, 'Actif', 24, 24, 24),
(25, b'1', '2022-01-01', 0, 723780, 1123780, 'Actif', 25, 25, 25),
(26, b'1', '2022-01-01', 0, 586788, 591788, 'Actif', 26, 26, 26),
(27, b'1', '2022-01-01', 0, 0, 170452, 'Actif', 27, 27, 27),
(28, b'1', '2022-01-01', 0, 618072, 768072, 'Actif', 28, 28, 28),
(29, b'1', '2022-01-01', 0, 499731, 649731, 'Actif', 29, 29, 29),
(30, b'0', '2022-01-01', 0, 153863, 153863, 'Actif', 30, 30, 30),
(31, b'1', '2022-01-01', 0, 0, 714236, 'Actif', 31, 31, 31),
(32, b'1', '2022-01-01', 0, 264418, 464418, 'Actif', 32, 32, 32),
(33, b'1', '2022-01-01', 0, 0, 491983, 'Actif', 33, 33, 33),
(34, b'0', '2022-01-01', 0, 545297, 545297, 'Actif', 34, 34, 34),
(35, b'1', '2022-01-01', 0, 0, 627300, 'Actif', 35, 35, 35),
(36, b'0', '2022-01-01', 0, 73997, 73997, 'Actif', 36, 36, 36),
(37, b'0', '2022-01-01', 0, 108036, 108036, 'Actif', 37, 37, 37),
(38, b'1', '2022-01-01', 0, 0, 508409, 'Actif', 38, 38, 38),
(39, b'0', '2022-01-01', 0, 232199, 232199, 'Actif', 39, 39, 39),
(40, b'1', '2022-01-01', 0, 0, 347794, 'Actif', 40, 40, 40),
(41, b'1', '2022-01-01', 0, 0, 332810, 'Actif', 41, 41, 41),
(42, b'1', '2022-01-01', 0, 452970, 1452970, 'Actif', 42, 42, 42),
(43, b'1', '2022-01-01', 0, 0, 588991, 'Actif', 43, 43, 43),
(44, b'1', '2022-01-01', 0, 1721130, 2216700, 'Actif', 44, 44, 44),
(45, b'1', '2022-01-01', 0, 335122, 585122, 'Actif', 45, 45, 45),
(46, b'1', '2022-01-01', 0, 0, 650835, 'Actif', 46, 46, 46),
(47, b'0', '2022-01-01', 0, 541184, 541184, 'Actif', 47, 47, 47),
(48, b'1', '2022-01-01', 0, 5000, 504204, 'Actif', 48, 48, 48),
(49, b'1', '2022-01-01', 0, 5000, 932982, 'Actif', 49, 49, 49),
(50, b'1', '2022-01-01', 0, 472188, 572188, 'Actif', 50, 50, 50),
(51, b'0', '2022-01-01', 0, 59499, 59499, 'Actif', 51, 51, 51),
(52, b'1', '2022-01-01', 0, 188271, 488271, 'Actif', 52, 52, 52),
(53, b'1', '2022-01-01', 0, 0, 1053710, 'Actif', 53, 53, 53),
(54, b'0', '2022-01-01', 0, 129732, 129732, 'Actif', 54, 54, 54),
(55, b'1', '2022-01-01', 0, 0, 1203650, 'Actif', 55, 55, 55),
(56, b'1', '2022-01-01', 0, 0, 112293, 'Actif', 56, 56, 56),
(57, b'0', '2022-01-01', 0, 568498, 568498, 'Actif', 57, 57, 57),
(58, b'1', '2022-01-01', 0, 0, 174056, 'Actif', 58, 58, 58),
(59, b'1', '2022-01-01', 0, 0, 618868, 'Actif', 59, 59, 59),
(60, b'0', '2022-01-01', 0, 493046, 493046, 'Actif', 60, 60, 60),
(61, b'1', '2022-01-01', 0, 0, 364428, 'Actif', 61, 61, 61),
(62, b'1', '2022-01-01', 0, 485548, 885548, 'Actif', 62, 62, 62),
(63, b'0', '2022-01-01', 0, 110214, 110214, 'Actif', 63, 63, 63),
(64, b'0', '2022-01-01', 0, 129485, 129485, 'Actif', 64, 64, 64);

-- --------------------------------------------------------

--
-- Structure de la table `compteepargnedetail`
--

DROP TABLE IF EXISTS `compteepargnedetail`;
CREATE TABLE IF NOT EXISTS `compteepargnedetail` (
  `id_compte_epargne_detail` bigint(20) NOT NULL AUTO_INCREMENT,
  `credibilite_per_month` float DEFAULT NULL,
  `date` varchar(255) DEFAULT NULL,
  `montant` float DEFAULT NULL,
  `montant_transaction` float DEFAULT NULL,
  `pret_per_month` float DEFAULT NULL,
  `compte_epargne_epargne_id` bigint(20) DEFAULT NULL,
  PRIMARY KEY (`id_compte_epargne_detail`),
  KEY `FKj0jfw88fhj13l480o48vmmiam` (`compte_epargne_epargne_id`)
) ENGINE=MyISAM AUTO_INCREMENT=292 DEFAULT CHARSET=latin1;

--
-- Déchargement des données de la table `compteepargnedetail`
--

INSERT INTO `compteepargnedetail` (`id_compte_epargne_detail`, `credibilite_per_month`, `date`, `montant`, `montant_transaction`, `pret_per_month`, `compte_epargne_epargne_id`) VALUES
(1, 721080, '2022-01-01', 721080, 721080, 0, 1),
(2, 824769, '2022-01-01', 824769, 824769, 0, 2),
(3, 72751, '2022-01-01', 72751, 72751, 0, 3),
(4, 71694, '2022-01-01', 71694, 71694, 0, 4),
(5, 26363, '2022-01-01', 26363, 26363, 0, 5),
(6, 176790, '2022-01-01', 176790, 176790, 0, 6),
(7, 410112, '2022-01-01', 410112, 410112, 0, 7),
(8, 662966, '2022-01-01', 662966, 662966, 0, 8),
(9, 1488020, '2022-01-01', 1488020, 1488020, 0, 9),
(10, 670152, '2022-01-01', 670152, 670152, 0, 10),
(11, 513792, '2022-01-01', 513792, 513792, 0, 11),
(12, 47938, '2022-01-01', 47938, 47938, 0, 12),
(13, 426635, '2022-01-01', 426635, 426635, 0, 13),
(14, 544988, '2022-01-01', 544988, 544988, 0, 14),
(15, 182373, '2022-01-01', 182373, 182373, 0, 15),
(16, 267957, '2022-01-01', 267957, 267957, 0, 16),
(17, 674006, '2022-01-01', 674006, 674006, 0, 17),
(18, 491914, '2022-01-01', 491914, 491914, 0, 18),
(19, 496127, '2022-01-01', 496127, 496127, 0, 19),
(20, 1898240, '2022-01-01', 1898240, 1898240, 0, 20),
(21, 116782, '2022-01-01', 116782, 116782, 0, 21),
(22, 1635650, '2022-01-01', 1635650, 1635650, 0, 22),
(23, 641608, '2022-01-01', 641608, 641608, 0, 23),
(24, 5696900, '2022-01-01', 5696900, 5696900, 0, 24),
(25, 1103780, '2022-01-01', 1103780, 1103780, 0, 25),
(26, 586788, '2022-01-01', 586788, 586788, 0, 26),
(27, 160452, '2022-01-01', 160452, 160452, 0, 27),
(28, 758072, '2022-01-01', 758072, 758072, 0, 28),
(29, 629731, '2022-01-01', 629731, 629731, 0, 29),
(30, 153863, '2022-01-01', 153863, 153863, 0, 30),
(31, 704236, '2022-01-01', 704236, 704236, 0, 31),
(32, 454418, '2022-01-01', 454418, 454418, 0, 32),
(33, 454418, '2022-01-01', 454418, 454418, 0, 33),
(34, 535297, '2022-01-01', 535297, 535297, 0, 34),
(35, 627300, '2022-01-01', 627300, 627300, 0, 35),
(36, 63997, '2022-01-01', 63997, 63997, 0, 36),
(37, 108036, '2022-01-01', 108036, 108036, 0, 37),
(38, 498409, '2022-01-01', 498409, 498409, 0, 38),
(39, 232199, '2022-01-01', 232199, 232199, 0, 39),
(40, 342794, '2022-01-01', 342794, 342794, 0, 40),
(41, 322810, '2022-01-01', 322810, 322810, 0, 41),
(42, 1432970, '2022-01-01', 1432970, 1432970, 0, 42),
(43, 578991, '2022-01-01', 578991, 578991, 0, 43),
(44, 2206700, '2022-01-01', 2206700, 2206700, 0, 44),
(45, 575122, '2022-01-01', 575122, 575122, 0, 45),
(46, 640835, '2022-01-01', 640835, 640835, 0, 46),
(47, 531184, '2022-01-01', 531184, 531184, 0, 47),
(48, 494204, '2022-01-01', 494204, 494204, 0, 48),
(49, 922982, '2022-01-01', 922982, 922982, 0, 49),
(50, 572188, '2022-01-01', 572188, 572188, 0, 50),
(51, 59499, '2022-01-01', 59499, 59499, 0, 51),
(52, 483271, '2022-01-01', 483271, 483271, 0, 52),
(53, 1043710, '2022-01-01', 1043710, 1043710, 0, 53),
(54, 119732, '2022-01-01', 119732, 119732, 0, 54),
(55, 1183650, '2022-01-01', 1183650, 1183650, 0, 55),
(56, 102293, '2022-01-01', 102293, 102293, 0, 56),
(57, 468498, '2022-01-01', 468498, 468498, 0, 57),
(58, 164056, '2022-01-01', 164056, 164056, 0, 58),
(59, 608868, '2022-01-01', 608868, 608868, 0, 59),
(60, 488046, '2022-01-01', 488046, 488046, 0, 60),
(61, 354428, '2022-01-01', 354428, 354428, 0, 61),
(62, 875548, '2022-01-01', 875548, 875548, 0, 62),
(63, 110214, '2022-01-01', 110214, 110214, 0, 63),
(64, 129485, '2022-01-01', 129485, 129485, 0, 64),
(65, 21080, '2022-01-01', 721080, 0, 700000, 1),
(66, 0, '2022-01-01', 824769, 0, 824769, 2),
(67, 500000, '2022-01-01', 578991, 0, 0, 43),
(68, 0, '2022-01-01', 824769, 0, 903760, 2),
(69, 10112, '2022-01-01', 410112, 0, 400000, 7),
(70, 488020, '2022-01-01', 1488020, 0, 1000000, 9),
(71, 0, '2022-01-01', 670152, 0, 670152, 10),
(72, 500000, '2022-01-01', 513792, 0, 0, 11),
(73, 0, '2022-01-01', 670152, 0, 683944, 10),
(74, 1335650, '2022-01-01', 1635650, 0, 0, 22),
(75, 0, '2022-01-01', 670152, 0, 983944, 10),
(76, 0, '2022-01-01', 513792, 0, 500000, 11),
(77, 0, '2022-01-01', 426635, 0, 426635, 13),
(78, 82373, '2022-01-01', 182373, 0, 100000, 15),
(79, 0, '2022-01-01', 674006, 0, 674006, 17),
(80, 91914, '2022-01-01', 491914, 0, 400000, 18),
(81, 0, '2022-01-01', 496127, 0, 496127, 19),
(82, 898240, '2022-01-01', 1898240, 0, 1000000, 20),
(83, 0, '2022-01-01', 116782, 0, 116782, 21),
(84, 608072, '2022-01-01', 758072, 0, 0, 28),
(85, 0, '2022-01-01', 116782, 0, 266782, 21),
(86, 1035650, '2022-01-01', 1635650, 0, 300000, 22),
(87, 0, '2022-01-01', 641608, 0, 641608, 23),
(88, 479731, '2022-01-01', 629731, 0, 0, 29),
(89, 0, '2022-01-01', 641608, 0, 791608, 23),
(90, 2106700, '2022-01-01', 2206700, 0, 0, 44),
(91, 0, '2022-01-01', 641608, 0, 891608, 23),
(92, 4096900, '2022-01-01', 5696900, 0, 1600000, 24),
(93, 0, '2022-01-01', 160452, 0, 160452, 27),
(94, 0, '2022-01-01', 182373, 0, 100000, 15),
(95, 0, '2022-01-01', 160452, 0, 242825, 27),
(96, 425122, '2022-01-01', 575122, 0, 0, 45),
(97, 0, '2022-01-01', 160452, 0, 392825, 27),
(98, 472188, '2022-01-02', 572188, 0, 0, 50),
(99, 0, '2022-01-02', 160452, 0, 492825, 27),
(100, 0, '2022-01-02', 164056, 0, 0, 58),
(101, 0, '2022-01-02', 160452, 0, 656881, 27),
(102, 675548, '2022-01-02', 875548, 0, 0, 62),
(103, 0, '2022-01-02', 160452, 0, 856881, 27),
(104, 0, '2022-01-02', 704236, 0, 704236, 31),
(105, 254418, '2022-01-02', 454418, 0, 200000, 32),
(106, 0, '2022-01-02', 627300, 0, 627300, 35),
(107, 3861900, '2022-01-02', 5696900, 0, 1600000, 24),
(108, 0, '2022-01-02', 627300, 0, 862300, 35),
(109, 0, '2022-01-02', 498409, 0, 498409, 38),
(110, 0, '2022-01-02', 342794, 0, 342794, 40),
(111, 0, '2022-01-02', 322810, 0, 322810, 41),
(112, 432970, '2022-01-02', 1432970, 0, 1000000, 42),
(113, 0, '2022-01-02', 578991, 0, 500000, 43),
(114, 325122, '2022-01-02', 575122, 0, 100000, 45),
(115, 0, '2022-01-02', 494204, 0, 494204, 48),
(116, 0, '2022-01-02', 922982, 0, 922982, 49),
(117, 217957, '2022-01-02', 267957, 0, 0, 16),
(118, 0, '2022-01-02', 922982, 0, 972982, 49),
(119, 2006700, '2022-01-02', 2206700, 0, 0, 44),
(120, 0, '2022-01-02', 922982, 0, 1072980, 49),
(121, 183271, '2022-01-02', 483271, 0, 300000, 52),
(122, 0, '2022-01-02', 1043710, 0, 1043710, 53),
(123, 983650, '2022-01-02', 1183650, 0, 200000, 55),
(124, 0, '2022-01-02', 102293, 0, 102293, 56),
(125, 491983, '2022-01-02', 491983, 37565, 0, 33),
(126, 0, '2022-01-02', 491983, 0, 0, 33),
(127, 0, '2022-01-02', 102293, 0, 594276, 56),
(128, 0, '2022-01-02', 608868, 0, 608868, 59),
(129, 1756700, '2022-01-02', 2206700, 0, 0, 44),
(130, 0, '2022-01-02', 608868, 0, 858868, 59),
(131, 0, '2022-01-02', 354428, 0, 354428, 61),
(132, 3661900, '2022-01-02', 5696900, 0, 1600000, 24),
(133, 0, '2022-01-02', 354428, 0, 554428, 61),
(134, 1711130, '2022-01-02', 2206700, 0, 0, 44),
(135, 0, '2022-01-02', 354428, 0, 600000, 61),
(136, 475548, '2022-01-02', 875548, 0, 200000, 62),
(137, 0, '2022-01-02', 640835, 0, 640835, 46),
(138, 31080, '2022-02-01', 731080, 10000, 700000, 1),
(139, 122751, '2022-02-01', 122751, 50000, 0, 3),
(140, 81694, '2022-02-01', 81694, 10000, 0, 4),
(141, 31363, '2022-02-01', 31363, 5000, 0, 5),
(142, 186790, '2022-02-01', 186790, 10000, 0, 6),
(143, 15112, '2022-02-01', 415112, 5000, 400000, 7),
(144, 498020, '2022-02-01', 1498020, 10000, 1000000, 9),
(145, 10000, '2022-02-01', 680152, 10000, 983944, 10),
(146, 5000, '2022-02-01', 518792, 5000, 500000, 11),
(147, 5000, '2022-02-01', 431635, 5000, 426635, 13),
(148, 549988, '2022-02-01', 549988, 5000, 0, 14),
(149, 5000, '2022-02-01', 187373, 5000, 100000, 15),
(150, 222957, '2022-02-01', 272957, 5000, 0, 16),
(151, 10000, '2022-02-01', 684006, 10000, 674006, 17),
(152, 101914, '2022-02-01', 501914, 10000, 400000, 18),
(153, 5000, '2022-02-01', 501127, 5000, 496127, 19),
(154, 903240, '2022-02-01', 1903240, 5000, 1000000, 20),
(155, 5000, '2022-02-01', 121782, 5000, 266782, 21),
(156, 1045650, '2022-02-01', 1645650, 10000, 300000, 22),
(157, 10000, '2022-02-01', 651608, 10000, 891608, 23),
(158, 1123780, '2022-02-01', 1123780, 20000, 0, 25),
(159, 591788, '2022-02-01', 591788, 5000, 0, 26),
(160, 586788, '2022-02-01', 591788, 0, 5000, 26),
(161, 5000, '2022-02-01', 165452, 5000, 856881, 27),
(162, 613072, '2022-02-01', 763072, 5000, 0, 28),
(163, 489731, '2022-02-01', 639731, 10000, 0, 29),
(164, 5000, '2022-02-01', 709236, 5000, 704236, 31),
(165, 259418, '2022-02-01', 459418, 5000, 200000, 32),
(166, 540297, '2022-02-01', 540297, 5000, 0, 34),
(167, 68997, '2022-02-01', 68997, 5000, 0, 36),
(168, 5000, '2022-02-01', 503409, 5000, 498409, 38),
(169, 5000, '2022-02-01', 347794, 5000, 342794, 40),
(170, 5000, '2022-02-01', 327810, 5000, 322810, 41),
(171, 442970, '2022-02-01', 1442970, 10000, 1000000, 42),
(172, 5000, '2022-02-01', 583991, 5000, 500000, 43),
(173, 1716130, '2022-02-01', 2211700, 5000, 0, 44),
(174, 330122, '2022-02-01', 580122, 5000, 100000, 45),
(175, 5000, '2022-02-01', 645835, 5000, 640835, 46),
(176, 536184, '2022-02-01', 536184, 5000, 0, 47),
(177, 5000, '2022-02-01', 499204, 5000, 494204, 48),
(178, 5000, '2022-02-01', 927982, 5000, 1072980, 49),
(179, 5000, '2022-02-01', 1048710, 5000, 1043710, 53),
(180, 129732, '2022-02-01', 129732, 10000, 0, 54),
(181, 993650, '2022-02-01', 1193650, 10000, 200000, 55),
(182, 5000, '2022-02-01', 107293, 5000, 594276, 56),
(183, 518498, '2022-02-01', 518498, 50000, 0, 57),
(184, 5000, '2022-02-01', 169056, 5000, 0, 58),
(185, 493046, '2022-02-01', 493046, 5000, 0, 60),
(186, 480548, '2022-02-01', 880548, 5000, 200000, 62),
(187, 71694, '2022-02-01', 81694, 0, 10000, 4),
(188, 0, '2022-02-01', 680152, 0, 993944, 10),
(189, 0, '2022-02-01', 518792, 0, 500000, 11),
(190, 0, '2022-02-01', 680152, 0, 998944, 10),
(191, 0, '2022-02-01', 431635, 0, 431635, 13),
(192, 0, '2022-02-01', 165452, 0, 861881, 27),
(193, 0, '2022-02-01', 187373, 0, 100000, 15),
(194, 0, '2022-02-01', 165452, 0, 866881, 27),
(195, 0, '2022-02-01', 684006, 0, 684006, 17),
(196, 0, '2022-02-01', 501127, 0, 501127, 19),
(197, 0, '2022-02-01', 651608, 0, 901608, 23),
(198, 0, '2022-02-01', 121782, 0, 271782, 21),
(199, 0, '2022-02-01', 709236, 0, 709236, 31),
(200, 0, '2022-02-01', 107293, 0, 599276, 56),
(201, 0, '2022-02-01', 503409, 0, 503409, 38),
(202, 0, '2022-02-01', 347794, 0, 347794, 40),
(203, 0, '2022-02-01', 327810, 0, 327810, 41),
(204, 0, '2022-02-01', 583991, 0, 500000, 43),
(205, 0, '2022-02-01', 824769, 0, 908760, 2),
(206, 0, '2022-02-01', 645835, 0, 645835, 46),
(207, 0, '2022-02-01', 499204, 0, 499204, 48),
(208, 0, '2022-02-01', 927982, 0, 1077980, 49),
(209, 0, '2022-02-01', 1048710, 0, 1048710, 53),
(210, 983650, '2022-02-01', 1193650, 0, 210000, 55),
(211, 0, '2022-02-01', 169056, 0, 0, 58),
(212, 0, '2022-02-01', 165452, 0, 871881, 27),
(213, 0, '2022-02-01', 81694, 0, 81694, 4),
(214, 723780, '2022-02-01', 1123780, 0, 0, 25),
(215, 0, '2022-02-01', 684006, 0, 1084010, 17),
(216, 0, '2022-02-01', 1193650, 0, 1193650, 55),
(217, 36080, '2022-03-01', 736080, 5000, 700000, 1),
(218, 127751, '2022-03-01', 127751, 5000, 0, 3),
(219, 41363, '2022-03-01', 41363, 10000, 0, 5),
(220, 176790, '2022-03-01', 186790, 0, 10000, 6),
(221, 10112, '2022-03-01', 415112, 0, 405000, 7),
(222, 196790, '2022-03-01', 206790, 20000, 10000, 6),
(223, 20112, '2022-03-01', 425112, 10000, 405000, 7),
(224, 508020, '2022-03-01', 1508020, 10000, 1000000, 9),
(225, 10000, '2022-03-01', 690152, 10000, 998944, 10),
(226, 5000, '2022-03-01', 523792, 5000, 500000, 11),
(227, 52938, '2022-03-01', 52938, 5000, 0, 12),
(228, 5000, '2022-03-01', 436635, 5000, 431635, 13),
(229, 554988, '2022-03-01', 554988, 5000, 0, 14),
(230, 5000, '2022-03-01', 192373, 5000, 100000, 15),
(231, 227957, '2022-03-01', 277957, 5000, 0, 16),
(232, 10000, '2022-03-01', 694006, 10000, 1084010, 17),
(233, 106914, '2022-03-01', 506914, 5000, 400000, 18),
(234, 5000, '2022-03-01', 506127, 5000, 501127, 19),
(235, 908240, '2022-03-01', 1908240, 5000, 1000000, 20),
(236, 10000, '2022-03-01', 131782, 10000, 271782, 21),
(237, 1055650, '2022-03-01', 1655650, 10000, 300000, 22),
(238, 10000, '2022-03-01', 661608, 10000, 901608, 23),
(239, 3676900, '2022-03-01', 5711900, 15000, 1600000, 24),
(240, 5000, '2022-03-01', 170452, 5000, 871881, 27),
(241, 618072, '2022-03-01', 768072, 5000, 0, 28),
(242, 499731, '2022-03-01', 649731, 10000, 0, 29),
(243, 5000, '2022-03-01', 714236, 5000, 709236, 31),
(244, 264418, '2022-03-01', 464418, 5000, 200000, 32),
(245, 545297, '2022-03-01', 545297, 5000, 0, 34),
(246, 73997, '2022-03-01', 73997, 5000, 0, 36),
(247, 5000, '2022-03-01', 508409, 5000, 503409, 38),
(248, 5000, '2022-03-01', 332810, 5000, 327810, 41),
(249, 452970, '2022-03-01', 1452970, 10000, 1000000, 42),
(250, 5000, '2022-03-01', 588991, 5000, 500000, 43),
(251, 1721130, '2022-03-01', 2216700, 5000, 0, 44),
(252, 335122, '2022-03-01', 585122, 5000, 100000, 45),
(253, 5000, '2022-03-01', 650835, 5000, 645835, 46),
(254, 541184, '2022-03-01', 541184, 5000, 0, 47),
(255, 5000, '2022-03-01', 504204, 5000, 499204, 48),
(256, 5000, '2022-03-01', 932982, 5000, 1077980, 49),
(257, 188271, '2022-03-01', 488271, 5000, 300000, 52),
(258, 5000, '2022-03-01', 1053710, 5000, 1048710, 53),
(259, 10000, '2022-03-01', 1203650, 10000, 1193650, 55),
(260, 5000, '2022-03-01', 112293, 5000, 599276, 56),
(261, 568498, '2022-03-01', 568498, 50000, 0, 57),
(262, 5000, '2022-03-01', 174056, 5000, 0, 58),
(263, 10000, '2022-03-01', 618868, 10000, 858868, 59),
(264, 10000, '2022-03-01', 364428, 10000, 600000, 61),
(265, 485548, '2022-03-01', 885548, 5000, 200000, 62),
(266, 0, '2022-03-01', 588991, 0, 500000, 43),
(267, 0, '2022-03-01', 824769, 0, 913760, 2),
(268, 0, '2022-03-01', 690152, 0, 1008940, 10),
(269, 0, '2022-03-01', 523792, 0, 500000, 11),
(270, 0, '2022-03-01', 690152, 0, 1013940, 10),
(271, 0, '2022-03-01', 436635, 0, 436635, 13),
(272, 0, '2022-03-01', 170452, 0, 876881, 27),
(273, 0, '2022-03-01', 192373, 0, 100000, 15),
(274, 0, '2022-03-01', 170452, 0, 881881, 27),
(275, 0, '2022-03-01', 694006, 0, 1094010, 17),
(276, 0, '2022-03-01', 506127, 0, 506127, 19),
(277, 0, '2022-03-01', 131782, 0, 281782, 21),
(278, 0, '2022-03-01', 661608, 0, 911608, 23),
(279, 0, '2022-03-01', 714236, 0, 714236, 31),
(280, 0, '2022-03-01', 508409, 0, 508409, 38),
(281, 0, '2022-03-01', 332810, 0, 332810, 41),
(282, 0, '2022-03-01', 650835, 0, 650835, 46),
(283, 0, '2022-03-01', 1053710, 0, 1053710, 53),
(284, 0, '2022-03-01', 1203650, 0, 1203650, 55),
(285, 0, '2022-03-01', 112293, 0, 604276, 56),
(286, 0, '2022-03-01', 174056, 0, 0, 58),
(287, 0, '2022-03-01', 650835, 0, 655835, 46),
(288, 0, '2022-03-01', 618868, 0, 868868, 59),
(289, 0, '2022-03-01', 364428, 0, 610000, 61),
(290, 77957, '2022-03-01', 277957, 0, 0, 16),
(291, 0, '2022-03-01', 661608, 0, 1061610, 23);

-- --------------------------------------------------------

--
-- Structure de la table `comptetampon`
--

DROP TABLE IF EXISTS `comptetampon`;
CREATE TABLE IF NOT EXISTS `comptetampon` (
  `id_tampon` bigint(20) NOT NULL,
  `dette` float DEFAULT NULL,
  PRIMARY KEY (`id_tampon`)
) ENGINE=MyISAM DEFAULT CHARSET=latin1;

--
-- Déchargement des données de la table `comptetampon`
--

INSERT INTO `comptetampon` (`id_tampon`, `dette`) VALUES
(1, 700000),
(2, 913760),
(3, 0),
(4, 81694),
(5, 0),
(6, 10000),
(7, 405000),
(8, 0),
(9, 1000000),
(10, 1013940),
(11, 500000),
(12, 0),
(13, 436635),
(14, 0),
(15, 100000),
(16, 0),
(17, 1094010),
(18, 400000),
(19, 506127),
(20, 1000000),
(21, 281782),
(22, 300000),
(23, 1061610),
(24, 1600000),
(25, 0),
(26, 5000),
(27, 881881),
(28, 0),
(29, 0),
(30, 0),
(31, 714236),
(32, 200000),
(33, 0),
(34, 0),
(35, 862300),
(36, 0),
(37, 0),
(38, 508409),
(39, 0),
(40, 347794),
(41, 332810),
(42, 1000000),
(43, 500000),
(44, 0),
(45, 100000),
(46, 655835),
(47, 0),
(48, 499204),
(49, 1077980),
(50, 0),
(51, 0),
(52, 300000),
(53, 1053710),
(54, 0),
(55, 1203650),
(56, 604276),
(57, 0),
(58, 0),
(59, 868868),
(60, 0),
(61, 610000),
(62, 200000),
(63, 0),
(64, 0);

-- --------------------------------------------------------

--
-- Structure de la table `compteutilisateur`
--

DROP TABLE IF EXISTS `compteutilisateur`;
CREATE TABLE IF NOT EXISTS `compteutilisateur` (
  `utilisateur_id` bigint(20) NOT NULL,
  `login` varchar(255) DEFAULT NULL,
  `niveau_access` varchar(255) DEFAULT NULL,
  `pass` varchar(255) DEFAULT NULL,
  `utilisateur_user_id` bigint(20) DEFAULT NULL,
  PRIMARY KEY (`utilisateur_id`),
  KEY `FKovi8g3up0bcdyae8ecv0ojc99` (`utilisateur_user_id`)
) ENGINE=MyISAM DEFAULT CHARSET=latin1;

--
-- Déchargement des données de la table `compteutilisateur`
--

INSERT INTO `compteutilisateur` (`utilisateur_id`, `login`, `niveau_access`, `pass`, `utilisateur_user_id`) VALUES
(1, 'bk', 'Root', 'bk', 1);

-- --------------------------------------------------------

--
-- Structure de la table `compte_creance`
--

DROP TABLE IF EXISTS `compte_creance`;
CREATE TABLE IF NOT EXISTS `compte_creance` (
  `id_creance` bigint(20) NOT NULL,
  `montant` float NOT NULL,
  PRIMARY KEY (`id_creance`)
) ENGINE=MyISAM DEFAULT CHARSET=latin1;

--
-- Déchargement des données de la table `compte_creance`
--

INSERT INTO `compte_creance` (`id_creance`, `montant`) VALUES
(1, 700000),
(2, 824769),
(3, 0),
(4, 81694),
(5, 0),
(6, 10000),
(7, 405000),
(8, 0),
(9, 1000000),
(10, 690152),
(11, 523792),
(12, 0),
(13, 436635),
(14, 0),
(15, 192373),
(16, 200000),
(17, 694006),
(18, 400000),
(19, 506127),
(20, 1000000),
(21, 131782),
(22, 600000),
(23, 661608),
(24, 2035000),
(25, 400000),
(26, 5000),
(27, 170452),
(28, 150000),
(29, 150000),
(30, 0),
(31, 714236),
(32, 200000),
(33, 491983),
(34, 0),
(35, 627300),
(36, 0),
(37, 0),
(38, 508409),
(39, 0),
(40, 347794),
(41, 332810),
(42, 1000000),
(43, 588991),
(44, 495572),
(45, 250000),
(46, 650835),
(47, 0),
(48, 499204),
(49, 927982),
(50, 100000),
(51, 0),
(52, 300000),
(53, 1053710),
(54, 0),
(55, 1203650),
(56, 112293),
(57, 0),
(58, 174056),
(59, 618868),
(60, 0),
(61, 364428),
(62, 400000),
(63, 0),
(64, 0);

-- --------------------------------------------------------

--
-- Structure de la table `fond`
--

DROP TABLE IF EXISTS `fond`;
CREATE TABLE IF NOT EXISTS `fond` (
  `fond_id` bigint(20) NOT NULL AUTO_INCREMENT,
  `solde` bigint(20) NOT NULL,
  `compte_epargne_epargne_id` bigint(20) DEFAULT NULL,
  PRIMARY KEY (`fond_id`),
  KEY `FKdeoe1274t6axx7777abmh3cbk` (`compte_epargne_epargne_id`)
) ENGINE=MyISAM DEFAULT CHARSET=latin1;

-- --------------------------------------------------------

--
-- Structure de la table `menu`
--

DROP TABLE IF EXISTS `menu`;
CREATE TABLE IF NOT EXISTS `menu` (
  `id` bigint(20) NOT NULL AUTO_INCREMENT,
  `droit_acces` varchar(255) DEFAULT NULL,
  `nom` varchar(255) DEFAULT NULL,
  PRIMARY KEY (`id`)
) ENGINE=MyISAM AUTO_INCREMENT=16 DEFAULT CHARSET=latin1;

--
-- Déchargement des données de la table `menu`
--

INSERT INTO `menu` (`id`, `droit_acces`, `nom`) VALUES
(1, 'Root', 'Parametre'),
(2, 'Root', 'Adhérents'),
(3, 'Root', 'Comptes bancaire'),
(4, 'Root', 'Rapports'),
(5, 'Root', 'Transactions'),
(6, 'Root', 'Sauvegarder / Restaurer'),
(7, 'Root', 'Mochard'),
(8, 'Root', 'Utilisateurs'),
(9, 'Administrateur', 'Parametre'),
(10, 'Manager', 'Adhérents'),
(11, 'Manager', 'Rapports');

-- --------------------------------------------------------

--
-- Structure de la table `operation`
--

DROP TABLE IF EXISTS `operation`;
CREATE TABLE IF NOT EXISTS `operation` (
  `id_operation` bigint(20) NOT NULL AUTO_INCREMENT,
  `address` varchar(255) DEFAULT NULL,
  `cible` varchar(255) DEFAULT NULL,
  `date` datetime DEFAULT NULL,
  `name` varchar(255) DEFAULT NULL,
  `utilisateur_user_id` bigint(20) DEFAULT NULL,
  PRIMARY KEY (`id_operation`),
  KEY `FKor80ek22m2h52vinr0rltws4o` (`utilisateur_user_id`)
) ENGINE=MyISAM AUTO_INCREMENT=342 DEFAULT CHARSET=latin1;

--
-- Déchargement des données de la table `operation`
--

INSERT INTO `operation` (`id_operation`, `address`, `cible`, `date`, `name`, `utilisateur_user_id`) VALUES
(1, 'LAPTOP-7DH5AJM1/127.0.0.1', 'Pas de cible', '2022-02-01 16:29:12', 'Operation de connection', 1),
(2, 'LAPTOP-7DH5AJM1/127.0.0.1', 'Pas de cible', '2022-01-01 18:54:19', 'Operation de connection', 1),
(3, 'LAPTOP-7DH5AJM1/127.0.0.1', 'béne  hénock', '2022-01-01 18:54:43', 'Création du fond du compte bancaire', 1),
(4, 'LAPTOP-7DH5AJM1/127.0.0.1', 'bouche pierre', '2022-01-01 18:54:53', 'Création du fond du compte bancaire', 1),
(5, 'LAPTOP-7DH5AJM1/127.0.0.1', 'djonté m', '2022-01-01 18:55:00', 'Création du fond du compte bancaire', 1),
(6, 'LAPTOP-7DH5AJM1/127.0.0.1', 'domtchom d', '2022-01-01 18:55:11', 'Création du fond du compte bancaire', 1),
(7, 'LAPTOP-7DH5AJM1/127.0.0.1', 'fodjeu alex', '2022-01-01 18:55:17', 'Création du fond du compte bancaire', 1),
(8, 'LAPTOP-7DH5AJM1/127.0.0.1', 'fogang z', '2022-01-01 18:55:23', 'Création du fond du compte bancaire', 1),
(9, 'LAPTOP-7DH5AJM1/127.0.0.1', 'fomo jean r', '2022-01-01 18:55:29', 'Création du fond du compte bancaire', 1),
(10, 'LAPTOP-7DH5AJM1/127.0.0.1', 'fotzeu b', '2022-01-01 18:55:35', 'Création du fond du compte bancaire', 1),
(11, 'LAPTOP-7DH5AJM1/127.0.0.1', 'fubis joseph', '2022-01-01 18:55:42', 'Création du fond du compte bancaire', 1),
(12, 'LAPTOP-7DH5AJM1/127.0.0.1', 'gapin r', '2022-01-01 18:55:48', 'Création du fond du compte bancaire', 1),
(13, 'LAPTOP-7DH5AJM1/127.0.0.1', 'gomsu joseph', '2022-01-01 18:55:54', 'Création du fond du compte bancaire', 1),
(14, 'LAPTOP-7DH5AJM1/127.0.0.1', 'hapi e', '2022-01-01 18:56:00', 'Création du fond du compte bancaire', 1),
(15, 'LAPTOP-7DH5AJM1/127.0.0.1', 'kambou robert', '2022-01-01 18:56:06', 'Création du fond du compte bancaire', 1),
(16, 'LAPTOP-7DH5AJM1/127.0.0.1', 'kamga jean p', '2022-01-01 18:56:12', 'Création du fond du compte bancaire', 1),
(17, 'LAPTOP-7DH5AJM1/127.0.0.1', 'kamgang andré', '2022-01-01 18:56:18', 'Création du fond du compte bancaire', 1),
(18, 'LAPTOP-7DH5AJM1/127.0.0.1', 'kamgang dénis', '2022-01-01 18:56:27', 'Création du fond du compte bancaire', 1),
(19, 'LAPTOP-7DH5AJM1/127.0.0.1', 'kamgang f', '2022-01-01 18:56:33', 'Création du fond du compte bancaire', 1),
(20, 'LAPTOP-7DH5AJM1/127.0.0.1', 'kamgang g', '2022-01-01 18:56:39', 'Création du fond du compte bancaire', 1),
(21, 'LAPTOP-7DH5AJM1/127.0.0.1', 'kamgang j', '2022-01-01 18:56:44', 'Création du fond du compte bancaire', 1),
(22, 'LAPTOP-7DH5AJM1/127.0.0.1', 'kamgang jd', '2022-01-01 18:56:54', 'Création du fond du compte bancaire', 1),
(23, 'LAPTOP-7DH5AJM1/127.0.0.1', 'kamgang jp', '2022-01-01 18:57:00', 'Création du fond du compte bancaire', 1),
(24, 'LAPTOP-7DH5AJM1/127.0.0.1', 'kamgang me', '2022-01-01 18:57:07', 'Création du fond du compte bancaire', 1),
(25, 'LAPTOP-7DH5AJM1/127.0.0.1', 'kamgang n', '2022-01-01 18:57:13', 'Création du fond du compte bancaire', 1),
(26, 'LAPTOP-7DH5AJM1/127.0.0.1', 'kamgang rené', '2022-01-01 18:57:19', 'Création du fond du compte bancaire', 1),
(27, 'LAPTOP-7DH5AJM1/127.0.0.1', 'kebiwou ko', '2022-01-01 18:57:25', 'Création du fond du compte bancaire', 1),
(28, 'LAPTOP-7DH5AJM1/127.0.0.1', 'kenmoé claude', '2022-01-01 18:57:30', 'Création du fond du compte bancaire', 1),
(29, 'LAPTOP-7DH5AJM1/127.0.0.1', 'kenmoé jb', '2022-01-01 18:57:36', 'Création du fond du compte bancaire', 1),
(30, 'LAPTOP-7DH5AJM1/127.0.0.1', 'kenmoé mj', '2022-01-01 18:57:42', 'Création du fond du compte bancaire', 1),
(31, 'LAPTOP-7DH5AJM1/127.0.0.1', 'kenmoé tj', '2022-01-01 18:57:48', 'Création du fond du compte bancaire', 1),
(32, 'LAPTOP-7DH5AJM1/127.0.0.1', 'kuinang ya', '2022-01-01 18:57:55', 'Création du fond du compte bancaire', 1),
(33, 'LAPTOP-7DH5AJM1/127.0.0.1', 'kuipou e', '2022-01-01 18:58:02', 'Création du fond du compte bancaire', 1),
(34, 'LAPTOP-7DH5AJM1/127.0.0.1', 'kuipou r', '2022-01-01 18:58:08', 'Création du fond du compte bancaire', 1),
(35, 'LAPTOP-7DH5AJM1/127.0.0.1', 'laminsi s', '2022-01-01 18:58:13', 'Création du fond du compte bancaire', 1),
(36, 'LAPTOP-7DH5AJM1/127.0.0.1', 'maga richard', '2022-01-01 18:58:19', 'Création du fond du compte bancaire', 1),
(37, 'LAPTOP-7DH5AJM1/127.0.0.1', 'magni é', '2022-01-01 18:58:25', 'Création du fond du compte bancaire', 1),
(38, 'LAPTOP-7DH5AJM1/127.0.0.1', 'nganshe jp', '2022-01-01 18:58:31', 'Création du fond du compte bancaire', 1),
(39, 'LAPTOP-7DH5AJM1/127.0.0.1', 'ngounou f', '2022-01-01 18:58:37', 'Création du fond du compte bancaire', 1),
(40, 'LAPTOP-7DH5AJM1/127.0.0.1', 'nguela j', '2022-01-01 18:58:42', 'Création du fond du compte bancaire', 1),
(41, 'LAPTOP-7DH5AJM1/127.0.0.1', 'ngueyap d', '2022-01-01 18:58:48', 'Création du fond du compte bancaire', 1),
(42, 'LAPTOP-7DH5AJM1/127.0.0.1', 'nkenmenyi c', '2022-01-01 18:58:54', 'Création du fond du compte bancaire', 1),
(43, 'LAPTOP-7DH5AJM1/127.0.0.1', 'nopeteu m', '2022-01-01 18:59:00', 'Création du fond du compte bancaire', 1),
(44, 'LAPTOP-7DH5AJM1/127.0.0.1', 'noubissi pc', '2022-01-01 18:59:06', 'Création du fond du compte bancaire', 1),
(45, 'LAPTOP-7DH5AJM1/127.0.0.1', 'nzengang jp', '2022-01-01 18:59:14', 'Création du fond du compte bancaire', 1),
(46, 'LAPTOP-7DH5AJM1/127.0.0.1', 'nzeufo m', '2022-01-01 18:59:20', 'Création du fond du compte bancaire', 1),
(47, 'LAPTOP-7DH5AJM1/127.0.0.1', 'nzengang a', '2022-01-01 18:59:27', 'Création du fond du compte bancaire', 1),
(48, 'LAPTOP-7DH5AJM1/127.0.0.1', 'nzengang z', '2022-01-01 18:59:34', 'Création du fond du compte bancaire', 1),
(49, 'LAPTOP-7DH5AJM1/127.0.0.1', 'nzeutam p', '2022-01-01 18:59:40', 'Création du fond du compte bancaire', 1),
(50, 'LAPTOP-7DH5AJM1/127.0.0.1', 'phumbi j', '2022-01-01 19:00:09', 'Création du fond du compte bancaire', 1),
(51, 'LAPTOP-7DH5AJM1/127.0.0.1', 'pouegue j', '2022-01-01 19:00:14', 'Création du fond du compte bancaire', 1),
(52, 'LAPTOP-7DH5AJM1/127.0.0.1', 'sitcheping j', '2022-01-01 19:00:20', 'Création du fond du compte bancaire', 1),
(53, 'LAPTOP-7DH5AJM1/127.0.0.1', 'tachedie s', '2022-01-01 19:00:25', 'Création du fond du compte bancaire', 1),
(54, 'LAPTOP-7DH5AJM1/127.0.0.1', 'takougang p', '2022-01-01 19:00:31', 'Création du fond du compte bancaire', 1),
(55, 'LAPTOP-7DH5AJM1/127.0.0.1', 'tamo m', '2022-01-01 19:00:36', 'Création du fond du compte bancaire', 1),
(56, 'LAPTOP-7DH5AJM1/127.0.0.1', 'tchombe p', '2022-01-01 19:00:43', 'Création du fond du compte bancaire', 1),
(57, 'LAPTOP-7DH5AJM1/127.0.0.1', 'téfang a', '2022-01-01 19:00:49', 'Création du fond du compte bancaire', 1),
(58, 'LAPTOP-7DH5AJM1/127.0.0.1', 'tiyou calvin', '2022-01-01 19:00:55', 'Création du fond du compte bancaire', 1),
(59, 'LAPTOP-7DH5AJM1/127.0.0.1', 'tongmeu g', '2022-01-01 19:01:00', 'Création du fond du compte bancaire', 1),
(60, 'LAPTOP-7DH5AJM1/127.0.0.1', 'tonmeu jp', '2022-01-01 19:01:07', 'Création du fond du compte bancaire', 1),
(61, 'LAPTOP-7DH5AJM1/127.0.0.1', 'wanga m', '2022-01-01 19:01:13', 'Création du fond du compte bancaire', 1),
(62, 'LAPTOP-7DH5AJM1/127.0.0.1', 'youdom g', '2022-01-01 19:01:49', 'Création du fond du compte bancaire', 1),
(63, 'LAPTOP-7DH5AJM1/127.0.0.1', 'yougang fl', '2022-01-01 19:01:55', 'Création du fond du compte bancaire', 1),
(64, 'LAPTOP-7DH5AJM1/127.0.0.1', 'youtha r', '2022-01-01 19:02:01', 'Création du fond du compte bancaire', 1),
(65, 'LAPTOP-7DH5AJM1/127.0.0.1', 'simen gaping', '2022-01-01 19:02:07', 'Création du fond du compte bancaire', 1),
(66, 'LAPTOP-7DH5AJM1/127.0.0.1', 'youfang p', '2022-01-01 19:02:13', 'Création du fond du compte bancaire', 1),
(67, 'LAPTOP-7DH5AJM1/127.0.0.1', 'béne  hénock', '2022-01-01 19:05:49', 'Opération de depot', 1),
(68, 'LAPTOP-7DH5AJM1/127.0.0.1', 'bouche pierre', '2022-01-01 19:06:47', 'Opération de depot', 1),
(69, 'LAPTOP-7DH5AJM1/127.0.0.1', 'djonté m', '2022-01-01 19:08:12', 'Opération de depot', 1),
(70, 'LAPTOP-7DH5AJM1/127.0.0.1', 'Pas de cible', '2022-01-03 21:50:13', 'Operation de connection', 1),
(71, 'LAPTOP-7DH5AJM1/127.0.0.1', 'domtchom d', '2022-01-01 21:57:39', 'Opération de depot', 1),
(72, 'LAPTOP-7DH5AJM1/127.0.0.1', 'fodjeu alex', '2022-01-01 21:58:44', 'Opération de depot', 1),
(73, 'LAPTOP-7DH5AJM1/127.0.0.1', 'fogang z', '2022-01-01 21:59:28', 'Opération de depot', 1),
(74, 'LAPTOP-7DH5AJM1/127.0.0.1', 'fomo jean r', '2022-01-01 22:00:25', 'Opération de depot', 1),
(75, 'LAPTOP-7DH5AJM1/127.0.0.1', 'fotzeu b', '2022-01-01 22:02:04', 'Opération de depot', 1),
(76, 'LAPTOP-7DH5AJM1/127.0.0.1', 'fubis joseph', '2022-01-01 22:03:14', 'Opération de depot', 1),
(77, 'LAPTOP-7DH5AJM1/127.0.0.1', 'gapin r', '2022-01-01 22:04:05', 'Opération de depot', 1),
(78, 'LAPTOP-7DH5AJM1/127.0.0.1', 'gomsu joseph', '2022-01-01 22:04:55', 'Opération de depot', 1),
(79, 'LAPTOP-7DH5AJM1/127.0.0.1', 'hapi e', '2022-01-01 22:05:43', 'Opération de depot', 1),
(80, 'LAPTOP-7DH5AJM1/127.0.0.1', 'kambou robert', '2022-01-01 22:06:30', 'Opération de depot', 1),
(81, 'LAPTOP-7DH5AJM1/127.0.0.1', 'kamga jean p', '2022-01-01 22:07:23', 'Opération de depot', 1),
(82, 'LAPTOP-7DH5AJM1/127.0.0.1', 'kamgang andré', '2022-01-01 22:08:08', 'Opération de depot', 1),
(83, 'LAPTOP-7DH5AJM1/127.0.0.1', 'kamgang dénis', '2022-01-01 22:08:53', 'Opération de depot', 1),
(84, 'LAPTOP-7DH5AJM1/127.0.0.1', 'kamgang f', '2022-01-01 22:09:47', 'Opération de depot', 1),
(85, 'LAPTOP-7DH5AJM1/127.0.0.1', 'kamgang g', '2022-01-01 22:11:08', 'Opération de depot', 1),
(86, 'LAPTOP-7DH5AJM1/127.0.0.1', 'kamgang j', '2022-01-01 22:12:24', 'Opération de depot', 1),
(87, 'LAPTOP-7DH5AJM1/127.0.0.1', 'kamgang jd', '2022-01-01 22:13:24', 'Opération de depot', 1),
(88, 'LAPTOP-7DH5AJM1/127.0.0.1', 'kamgang jp', '2022-01-01 22:14:26', 'Opération de depot', 1),
(89, 'LAPTOP-7DH5AJM1/127.0.0.1', 'kamgang me', '2022-01-01 22:15:26', 'Opération de depot', 1),
(90, 'LAPTOP-7DH5AJM1/127.0.0.1', 'kamgang n', '2022-01-01 22:16:35', 'Opération de depot', 1),
(91, 'LAPTOP-7DH5AJM1/127.0.0.1', 'kamgang rené', '2022-01-01 22:17:57', 'Opération de depot', 1),
(92, 'LAPTOP-7DH5AJM1/127.0.0.1', 'kebiwou ko', '2022-01-01 22:19:06', 'Opération de depot', 1),
(93, 'LAPTOP-7DH5AJM1/127.0.0.1', 'kenmoé claude', '2022-01-01 22:20:03', 'Opération de depot', 1),
(94, 'LAPTOP-7DH5AJM1/127.0.0.1', 'kenmoé jb', '2022-01-01 22:20:48', 'Opération de depot', 1),
(95, 'LAPTOP-7DH5AJM1/127.0.0.1', 'kenmoé mj', '2022-01-01 22:21:30', 'Opération de depot', 1),
(96, 'LAPTOP-7DH5AJM1/127.0.0.1', 'kenmoé tj', '2022-01-01 22:22:12', 'Opération de depot', 1),
(97, 'LAPTOP-7DH5AJM1/127.0.0.1', 'kuinang ya', '2022-01-01 22:22:57', 'Opération de depot', 1),
(98, 'LAPTOP-7DH5AJM1/127.0.0.1', 'kuipou e', '2022-01-01 22:23:35', 'Opération de depot', 1),
(99, 'LAPTOP-7DH5AJM1/127.0.0.1', 'kuipou r', '2022-01-01 22:24:23', 'Opération de depot', 1),
(100, 'LAPTOP-7DH5AJM1/127.0.0.1', 'laminsi s', '2022-01-01 22:24:59', 'Opération de depot', 1),
(101, 'LAPTOP-7DH5AJM1/127.0.0.1', 'maga richard', '2022-01-01 22:27:54', 'Opération de depot', 1),
(102, 'LAPTOP-7DH5AJM1/127.0.0.1', 'magni é', '2022-01-01 22:28:30', 'Opération de depot', 1),
(103, 'LAPTOP-7DH5AJM1/127.0.0.1', 'nganshe jp', '2022-01-01 22:29:12', 'Opération de depot', 1),
(104, 'LAPTOP-7DH5AJM1/127.0.0.1', 'ngounou f', '2022-01-01 22:29:56', 'Opération de depot', 1),
(105, 'LAPTOP-7DH5AJM1/127.0.0.1', 'nguela j', '2022-01-01 22:35:40', 'Opération de depot', 1),
(106, 'LAPTOP-7DH5AJM1/127.0.0.1', 'ngueyap d', '2022-01-01 22:36:30', 'Opération de depot', 1),
(107, 'LAPTOP-7DH5AJM1/127.0.0.1', 'nkenmenyi c', '2022-01-01 22:39:24', 'Opération de depot', 1),
(108, 'LAPTOP-7DH5AJM1/127.0.0.1', 'nopeteu m', '2022-01-01 22:40:31', 'Opération de depot', 1),
(109, 'LAPTOP-7DH5AJM1/127.0.0.1', 'noubissi pc', '2022-01-01 22:41:16', 'Opération de depot', 1),
(110, 'LAPTOP-7DH5AJM1/127.0.0.1', 'nzengang jp', '2022-01-01 22:42:08', 'Opération de depot', 1),
(111, 'LAPTOP-7DH5AJM1/127.0.0.1', 'nzeufo m', '2022-01-01 22:45:20', 'Opération de depot', 1),
(112, 'LAPTOP-7DH5AJM1/127.0.0.1', 'nzengang a', '2022-01-01 22:46:19', 'Opération de depot', 1),
(113, 'LAPTOP-7DH5AJM1/127.0.0.1', 'nzengang z', '2022-01-01 22:47:38', 'Opération de depot', 1),
(114, 'LAPTOP-7DH5AJM1/127.0.0.1', 'nzeutam p', '2022-01-01 22:48:23', 'Opération de depot', 1),
(115, 'LAPTOP-7DH5AJM1/127.0.0.1', 'phumbi j', '2022-01-01 22:49:07', 'Opération de depot', 1),
(116, 'LAPTOP-7DH5AJM1/127.0.0.1', 'pouegue j', '2022-01-01 22:50:00', 'Opération de depot', 1),
(117, 'LAPTOP-7DH5AJM1/127.0.0.1', 'sitcheping j', '2022-01-01 22:50:40', 'Opération de depot', 1),
(118, 'LAPTOP-7DH5AJM1/127.0.0.1', 'tachedie s', '2022-01-01 22:51:37', 'Opération de depot', 1),
(119, 'LAPTOP-7DH5AJM1/127.0.0.1', 'takougang p', '2022-01-01 22:52:19', 'Opération de depot', 1),
(120, 'LAPTOP-7DH5AJM1/127.0.0.1', 'tamo m', '2022-01-01 22:52:59', 'Opération de depot', 1),
(121, 'LAPTOP-7DH5AJM1/127.0.0.1', 'tchombe p', '2022-01-01 22:53:44', 'Opération de depot', 1),
(122, 'LAPTOP-7DH5AJM1/127.0.0.1', 'téfang a', '2022-01-01 22:54:32', 'Opération de depot', 1),
(123, 'LAPTOP-7DH5AJM1/127.0.0.1', 'tiyou calvin', '2022-01-01 22:55:11', 'Opération de depot', 1),
(124, 'LAPTOP-7DH5AJM1/127.0.0.1', 'tongmeu g', '2022-01-01 22:55:49', 'Opération de depot', 1),
(125, 'LAPTOP-7DH5AJM1/127.0.0.1', 'tonmeu jp', '2022-01-01 22:56:28', 'Opération de depot', 1),
(126, 'LAPTOP-7DH5AJM1/127.0.0.1', 'wanga m', '2022-01-01 22:57:05', 'Opération de depot', 1),
(127, 'LAPTOP-7DH5AJM1/127.0.0.1', 'youdom g', '2022-01-01 22:57:37', 'Opération de depot', 1),
(128, 'LAPTOP-7DH5AJM1/127.0.0.1', 'yougang fl', '2022-01-01 22:58:19', 'Opération de depot', 1),
(129, 'LAPTOP-7DH5AJM1/127.0.0.1', 'youtha r', '2022-01-01 22:59:20', 'Opération de depot', 1),
(130, 'LAPTOP-7DH5AJM1/127.0.0.1', 'simen gaping', '2022-01-01 23:00:04', 'Opération de depot', 1),
(131, 'LAPTOP-7DH5AJM1/127.0.0.1', 'youfang p', '2022-01-01 23:00:45', 'Opération de depot', 1),
(132, 'LAPTOP-7DH5AJM1/127.0.0.1', 'béne  hénock', '2022-01-01 23:02:29', 'Opération de pret', 1),
(133, 'LAPTOP-7DH5AJM1/127.0.0.1', 'bouche pierre', '2022-01-01 23:03:15', 'Opération de pret', 1),
(134, 'LAPTOP-7DH5AJM1/127.0.0.1', 'bouche pierre <<Emprinte a>> nzengang jp', '2022-01-01 23:04:42', 'Opération de pret', 1),
(135, 'LAPTOP-7DH5AJM1/127.0.0.1', 'fomo jean r', '2022-01-01 23:05:55', 'Opération de pret', 1),
(136, 'LAPTOP-7DH5AJM1/127.0.0.1', 'fubis joseph', '2022-01-01 23:07:03', 'Opération de pret', 1),
(137, 'LAPTOP-7DH5AJM1/127.0.0.1', 'gapin r', '2022-01-01 23:08:00', 'Opération de pret', 1),
(138, 'LAPTOP-7DH5AJM1/127.0.0.1', 'gapin r <<Emprinte a>> gomsu joseph', '2022-01-01 23:08:48', 'Opération de pret', 1),
(139, 'LAPTOP-7DH5AJM1/127.0.0.1', 'gapin r <<Emprinte a>> kamgang me', '2022-01-01 23:09:41', 'Opération de pret', 1),
(140, 'LAPTOP-7DH5AJM1/127.0.0.1', 'gomsu joseph', '2022-01-01 23:31:52', 'Opération de pret', 1),
(141, 'LAPTOP-7DH5AJM1/127.0.0.1', 'kambou robert', '2022-01-01 23:33:09', 'Opération de pret', 1),
(142, 'LAPTOP-7DH5AJM1/127.0.0.1', 'kamgang andré', '2022-01-01 23:34:31', 'Opération de pret', 1),
(143, 'LAPTOP-7DH5AJM1/127.0.0.1', 'kamgang f', '2022-01-01 23:35:54', 'Opération de pret', 1),
(144, 'LAPTOP-7DH5AJM1/127.0.0.1', 'kamgang g', '2022-01-01 23:37:21', 'Opération de pret', 1),
(145, 'LAPTOP-7DH5AJM1/127.0.0.1', 'kamgang j', '2022-01-01 23:38:25', 'Opération de pret', 1),
(146, 'LAPTOP-7DH5AJM1/127.0.0.1', 'kamgang jd', '2022-01-01 23:39:46', 'Opération de pret', 1),
(147, 'LAPTOP-7DH5AJM1/127.0.0.1', 'kamgang jp', '2022-01-01 23:42:00', 'Opération de pret', 1),
(148, 'LAPTOP-7DH5AJM1/127.0.0.1', 'kamgang jp <<Emprinte a>> kenmoé mj', '2022-01-01 23:43:20', 'Opération de pret', 1),
(149, 'LAPTOP-7DH5AJM1/127.0.0.1', 'kamgang me', '2022-01-01 23:44:48', 'Opération de pret', 1),
(150, 'LAPTOP-7DH5AJM1/127.0.0.1', 'Pas de cible', '2022-01-02 05:38:03', 'Operation de connection', 1),
(151, 'LAPTOP-7DH5AJM1/127.0.0.1', 'kamgang n', '2022-01-01 23:51:08', 'Opération de pret', 1),
(152, 'LAPTOP-7DH5AJM1/127.0.0.1', 'kamgang n <<Emprinte a>> kenmoé tj', '2022-01-01 23:53:10', 'Opération de pret', 1),
(153, 'LAPTOP-7DH5AJM1/127.0.0.1', 'kamgang n <<Emprinte a>> nzeufo m', '2022-01-01 23:54:26', 'Opération de pret', 1),
(154, 'LAPTOP-7DH5AJM1/127.0.0.1', 'kamgang rené', '2022-01-01 23:55:38', 'Opération de pret', 1),
(155, 'LAPTOP-7DH5AJM1/127.0.0.1', 'kenmoé jb', '2022-01-01 23:57:07', 'Opération de pret', 1),
(156, 'LAPTOP-7DH5AJM1/127.0.0.1', 'kenmoé jb <<Emprinte a>> kamgang andré', '2022-01-01 23:58:30', 'Opération de pret', 1),
(157, 'LAPTOP-7DH5AJM1/127.0.0.1', 'kenmoé jb <<Emprinte a>> nzengang a', '2022-01-01 23:59:45', 'Opération de pret', 1),
(158, 'LAPTOP-7DH5AJM1/127.0.0.1', 'kenmoé jb <<Emprinte a>> sitcheping j', '2022-01-02 00:01:16', 'Opération de pret', 1),
(159, 'LAPTOP-7DH5AJM1/127.0.0.1', 'kenmoé jb <<Emprinte a>> tonmeu jp', '2022-01-02 00:04:09', 'Opération de pret', 1),
(160, 'LAPTOP-7DH5AJM1/127.0.0.1', 'kenmoé jb <<Emprinte a>> youtha r', '2022-01-02 00:05:18', 'Opération de pret', 1),
(161, 'LAPTOP-7DH5AJM1/127.0.0.1', 'kuipou e', '2022-01-02 00:06:35', 'Opération de pret', 1),
(162, 'LAPTOP-7DH5AJM1/127.0.0.1', 'kuipou r', '2022-01-02 00:07:24', 'Opération de pret', 1),
(163, 'LAPTOP-7DH5AJM1/127.0.0.1', 'magni é', '2022-01-02 00:09:55', 'Opération de pret', 1),
(164, 'LAPTOP-7DH5AJM1/127.0.0.1', 'magni é <<Emprinte a>> kamgang rené', '2022-01-02 00:11:07', 'Opération de pret', 1),
(165, 'LAPTOP-7DH5AJM1/127.0.0.1', 'nguela j', '2022-01-02 00:12:34', 'Opération de pret', 1),
(166, 'LAPTOP-7DH5AJM1/127.0.0.1', 'nkenmenyi c', '2022-01-02 00:14:10', 'Opération de pret', 1),
(167, 'LAPTOP-7DH5AJM1/127.0.0.1', 'nopeteu m', '2022-01-02 00:15:12', 'Opération de pret', 1),
(168, 'LAPTOP-7DH5AJM1/127.0.0.1', 'noubissi pc', '2022-01-02 00:16:10', 'Opération de pret', 1),
(169, 'LAPTOP-7DH5AJM1/127.0.0.1', 'nzengang jp', '2022-01-02 00:17:24', 'Opération de pret', 1),
(170, 'LAPTOP-7DH5AJM1/127.0.0.1', 'nzengang a', '2022-01-02 00:18:16', 'Opération de pret', 1),
(171, 'LAPTOP-7DH5AJM1/127.0.0.1', 'phumbi j', '2022-01-02 00:18:56', 'Opération de pret', 1),
(172, 'LAPTOP-7DH5AJM1/127.0.0.1', 'pouegue j', '2022-01-02 00:19:31', 'Opération de pret', 1),
(173, 'LAPTOP-7DH5AJM1/127.0.0.1', 'pouegue j <<Emprinte a>> kamgang dénis', '2022-01-02 00:20:16', 'Opération de pret', 1),
(174, 'LAPTOP-7DH5AJM1/127.0.0.1', 'pouegue j <<Emprinte a>> nzeufo m', '2022-01-02 00:21:12', 'Opération de pret', 1),
(175, 'LAPTOP-7DH5AJM1/127.0.0.1', 'takougang p', '2022-01-02 00:24:12', 'Opération de pret', 1),
(176, 'LAPTOP-7DH5AJM1/127.0.0.1', 'tamo m', '2022-01-02 00:25:16', 'Opération de pret', 1),
(177, 'LAPTOP-7DH5AJM1/127.0.0.1', 'téfang a', '2022-01-02 00:26:35', 'Opération de pret', 1),
(178, 'LAPTOP-7DH5AJM1/127.0.0.1', 'tiyou calvin', '2022-01-02 00:27:58', 'Opération de pret', 1),
(179, 'LAPTOP-7DH5AJM1/127.0.0.1', 'laminsi s', '2022-01-02 00:32:08', 'Opération de depot', 1),
(180, 'LAPTOP-7DH5AJM1/127.0.0.1', 'tiyou calvin <<Emprinte a>> laminsi s', '2022-01-02 00:35:24', 'Opération de pret', 1),
(181, 'LAPTOP-7DH5AJM1/127.0.0.1', 'wanga m', '2022-01-02 00:36:43', 'Opération de pret', 1),
(182, 'LAPTOP-7DH5AJM1/127.0.0.1', 'wanga m <<Emprinte a>> nzeufo m', '2022-01-02 00:37:27', 'Opération de pret', 1),
(183, 'LAPTOP-7DH5AJM1/127.0.0.1', 'yougang fl', '2022-01-02 00:38:46', 'Opération de pret', 1),
(184, 'LAPTOP-7DH5AJM1/127.0.0.1', 'yougang fl <<Emprinte a>> kamgang rené', '2022-01-02 00:39:55', 'Opération de pret', 1),
(185, 'LAPTOP-7DH5AJM1/127.0.0.1', 'yougang fl <<Emprinte a>> nzeufo m', '2022-01-02 00:41:13', 'Opération de pret', 1),
(186, 'LAPTOP-7DH5AJM1/127.0.0.1', 'youtha r', '2022-01-02 00:41:54', 'Opération de pret', 1),
(187, 'LAPTOP-7DH5AJM1/127.0.0.1', 'nzengang z', '2022-01-02 00:48:37', 'Opération de pret', 1),
(188, 'LAPTOP-7DH5AJM1/127.0.0.1', 'Pas de cible', '2022-02-01 12:33:09', 'Operation de connection', 1),
(189, 'LAPTOP-7DH5AJM1/127.0.0.1', 'béne  hénock', '2022-02-01 13:09:27', 'Opération de depot', 1),
(190, 'LAPTOP-7DH5AJM1/127.0.0.1', 'djonté m', '2022-02-01 13:10:14', 'Opération de depot', 1),
(191, 'LAPTOP-7DH5AJM1/127.0.0.1', 'domtchom d', '2022-02-01 13:10:57', 'Opération de depot', 1),
(192, 'LAPTOP-7DH5AJM1/127.0.0.1', 'fodjeu alex', '2022-02-01 13:11:48', 'Opération de depot', 1),
(193, 'LAPTOP-7DH5AJM1/127.0.0.1', 'fogang z', '2022-02-01 13:12:45', 'Opération de depot', 1),
(194, 'LAPTOP-7DH5AJM1/127.0.0.1', 'fomo jean r', '2022-02-01 13:13:36', 'Opération de depot', 1),
(195, 'LAPTOP-7DH5AJM1/127.0.0.1', 'fubis joseph', '2022-02-01 13:14:51', 'Opération de depot', 1),
(196, 'LAPTOP-7DH5AJM1/127.0.0.1', 'gapin r', '2022-02-01 13:15:55', 'Opération de depot', 1),
(197, 'LAPTOP-7DH5AJM1/127.0.0.1', 'gomsu joseph', '2022-02-01 13:16:24', 'Opération de depot', 1),
(198, 'LAPTOP-7DH5AJM1/127.0.0.1', 'kambou robert', '2022-02-01 13:17:24', 'Opération de depot', 1),
(199, 'LAPTOP-7DH5AJM1/127.0.0.1', 'kamga jean p', '2022-02-01 13:17:56', 'Opération de depot', 1),
(200, 'LAPTOP-7DH5AJM1/127.0.0.1', 'kamgang andré', '2022-02-01 13:18:23', 'Opération de depot', 1),
(201, 'LAPTOP-7DH5AJM1/127.0.0.1', 'kamgang dénis', '2022-02-01 13:18:58', 'Opération de depot', 1),
(202, 'LAPTOP-7DH5AJM1/127.0.0.1', 'kamgang f', '2022-02-01 13:19:53', 'Opération de depot', 1),
(203, 'LAPTOP-7DH5AJM1/127.0.0.1', 'kamgang g', '2022-02-01 13:21:27', 'Opération de depot', 1),
(204, 'LAPTOP-7DH5AJM1/127.0.0.1', 'kamgang j', '2022-02-01 13:22:18', 'Opération de depot', 1),
(205, 'LAPTOP-7DH5AJM1/127.0.0.1', 'kamgang jd', '2022-02-01 13:23:17', 'Opération de depot', 1),
(206, 'LAPTOP-7DH5AJM1/127.0.0.1', 'kamgang jp', '2022-02-01 13:23:56', 'Opération de depot', 1),
(207, 'LAPTOP-7DH5AJM1/127.0.0.1', 'kamgang me', '2022-02-01 13:24:39', 'Opération de depot', 1),
(208, 'LAPTOP-7DH5AJM1/127.0.0.1', 'kamgang n', '2022-02-01 13:25:21', 'Opération de depot', 1),
(209, 'LAPTOP-7DH5AJM1/127.0.0.1', 'kebiwou ko', '2022-02-01 13:26:25', 'Opération de depot', 1),
(210, 'LAPTOP-7DH5AJM1/127.0.0.1', 'kenmoé claude', '2022-02-01 13:26:55', 'Opération de depot', 1),
(211, 'LAPTOP-7DH5AJM1/127.0.0.1', 'kenmoé claude', '2022-02-01 13:31:26', 'Opération de pret', 1),
(212, 'LAPTOP-7DH5AJM1/127.0.0.1', 'kenmoé jb', '2022-02-01 13:34:53', 'Opération de depot', 1),
(213, 'LAPTOP-7DH5AJM1/127.0.0.1', 'kenmoé mj', '2022-02-01 13:36:00', 'Opération de depot', 1),
(214, 'LAPTOP-7DH5AJM1/127.0.0.1', 'kenmoé tj', '2022-02-01 13:36:52', 'Opération de depot', 1),
(215, 'LAPTOP-7DH5AJM1/127.0.0.1', 'kuipou e', '2022-02-01 13:37:58', 'Opération de depot', 1),
(216, 'LAPTOP-7DH5AJM1/127.0.0.1', 'kuipou r', '2022-02-01 13:41:08', 'Opération de depot', 1),
(217, 'LAPTOP-7DH5AJM1/127.0.0.1', 'maga richard', '2022-02-01 13:41:53', 'Opération de depot', 1),
(218, 'LAPTOP-7DH5AJM1/127.0.0.1', 'nganshe jp', '2022-02-01 13:42:49', 'Opération de depot', 1),
(219, 'LAPTOP-7DH5AJM1/127.0.0.1', 'nguela j', '2022-02-01 13:43:15', 'Opération de depot', 1),
(220, 'LAPTOP-7DH5AJM1/127.0.0.1', 'nkenmenyi c', '2022-02-01 13:43:50', 'Opération de depot', 1),
(221, 'LAPTOP-7DH5AJM1/127.0.0.1', 'nopeteu m', '2022-02-01 13:44:21', 'Opération de depot', 1),
(222, 'LAPTOP-7DH5AJM1/127.0.0.1', 'noubissi pc', '2022-02-01 13:52:41', 'Opération de depot', 1),
(223, 'LAPTOP-7DH5AJM1/127.0.0.1', 'nzengang jp', '2022-02-01 13:53:29', 'Opération de depot', 1),
(224, 'LAPTOP-7DH5AJM1/127.0.0.1', 'nzeufo m', '2022-02-01 13:54:11', 'Opération de depot', 1),
(225, 'LAPTOP-7DH5AJM1/127.0.0.1', 'nzengang a', '2022-02-01 13:54:47', 'Opération de depot', 1),
(226, 'LAPTOP-7DH5AJM1/127.0.0.1', 'nzengang z', '2022-02-01 13:55:24', 'Opération de depot', 1),
(227, 'LAPTOP-7DH5AJM1/127.0.0.1', 'nzeutam p', '2022-02-01 13:56:06', 'Opération de depot', 1),
(228, 'LAPTOP-7DH5AJM1/127.0.0.1', 'phumbi j', '2022-02-01 13:56:37', 'Opération de depot', 1),
(229, 'LAPTOP-7DH5AJM1/127.0.0.1', 'pouegue j', '2022-02-01 13:57:26', 'Opération de depot', 1),
(230, 'LAPTOP-7DH5AJM1/127.0.0.1', 'tamo m', '2022-02-01 13:57:53', 'Opération de depot', 1),
(231, 'LAPTOP-7DH5AJM1/127.0.0.1', 'tchombe p', '2022-02-01 13:58:25', 'Opération de depot', 1),
(232, 'LAPTOP-7DH5AJM1/127.0.0.1', 'téfang a', '2022-02-01 13:58:59', 'Opération de depot', 1),
(233, 'LAPTOP-7DH5AJM1/127.0.0.1', 'tiyou calvin', '2022-02-01 13:59:31', 'Opération de depot', 1),
(234, 'LAPTOP-7DH5AJM1/127.0.0.1', 'tongmeu g', '2022-02-01 14:00:01', 'Opération de depot', 1),
(235, 'LAPTOP-7DH5AJM1/127.0.0.1', 'tonmeu jp', '2022-02-01 14:00:42', 'Opération de depot', 1),
(236, 'LAPTOP-7DH5AJM1/127.0.0.1', 'youdom g', '2022-02-01 14:02:36', 'Opération de depot', 1),
(237, 'LAPTOP-7DH5AJM1/127.0.0.1', 'youtha r', '2022-02-01 14:02:58', 'Opération de depot', 1),
(238, 'LAPTOP-7DH5AJM1/127.0.0.1', 'domtchom d', '2022-02-01 14:09:44', 'Opération de pret', 1),
(239, 'LAPTOP-7DH5AJM1/127.0.0.1', 'gapin r', '2022-02-01 14:10:33', 'Opération de pret', 1),
(240, 'LAPTOP-7DH5AJM1/127.0.0.1', 'gapin r <<Emprinte a>> gomsu joseph', '2022-02-01 14:12:03', 'Opération de pret', 1),
(241, 'LAPTOP-7DH5AJM1/127.0.0.1', 'kambou robert', '2022-02-01 14:12:51', 'Opération de pret', 1),
(242, 'LAPTOP-7DH5AJM1/127.0.0.1', 'kenmoé jb', '2022-02-01 14:14:16', 'Opération de pret', 1),
(243, 'LAPTOP-7DH5AJM1/127.0.0.1', 'kenmoé jb <<Emprinte a>> kamgang andré', '2022-02-01 14:14:28', 'Opération de pret', 1),
(244, 'LAPTOP-7DH5AJM1/127.0.0.1', 'kamgang f', '2022-02-01 14:15:49', 'Opération de pret', 1),
(245, 'LAPTOP-7DH5AJM1/127.0.0.1', 'kamgang j', '2022-02-01 14:16:56', 'Opération de pret', 1),
(246, 'LAPTOP-7DH5AJM1/127.0.0.1', 'kamgang n', '2022-02-01 14:18:28', 'Opération de pret', 1),
(247, 'LAPTOP-7DH5AJM1/127.0.0.1', 'kamgang jp', '2022-02-01 14:19:59', 'Opération de pret', 1),
(248, 'LAPTOP-7DH5AJM1/127.0.0.1', 'kuipou e', '2022-02-01 14:21:00', 'Opération de pret', 1),
(249, 'LAPTOP-7DH5AJM1/127.0.0.1', 'tiyou calvin', '2022-02-01 14:22:40', 'Opération de pret', 1),
(250, 'LAPTOP-7DH5AJM1/127.0.0.1', 'nguela j', '2022-02-01 14:24:17', 'Opération de pret', 1),
(251, 'LAPTOP-7DH5AJM1/127.0.0.1', 'nkenmenyi c', '2022-02-01 14:27:12', 'Opération de pret', 1),
(252, 'LAPTOP-7DH5AJM1/127.0.0.1', 'nopeteu m', '2022-02-01 14:27:41', 'Opération de pret', 1),
(253, 'LAPTOP-7DH5AJM1/127.0.0.1', 'bouche pierre <<Emprinte a>> nzengang jp', '2022-02-01 14:30:14', 'Opération de pret', 1),
(254, 'LAPTOP-7DH5AJM1/127.0.0.1', 'nzengang z', '2022-02-01 14:33:02', 'Opération de pret', 1),
(255, 'LAPTOP-7DH5AJM1/127.0.0.1', 'phumbi j', '2022-02-01 14:33:25', 'Opération de pret', 1),
(256, 'LAPTOP-7DH5AJM1/127.0.0.1', 'pouegue j', '2022-02-01 14:34:01', 'Opération de pret', 1),
(257, 'LAPTOP-7DH5AJM1/127.0.0.1', 'tamo m', '2022-02-01 14:35:09', 'Opération de pret', 1),
(258, 'LAPTOP-7DH5AJM1/127.0.0.1', 'téfang a', '2022-02-01 14:35:45', 'Opération de pret', 1),
(259, 'LAPTOP-7DH5AJM1/127.0.0.1', 'kenmoé jb <<Emprinte a>> tonmeu jp', '2022-02-01 14:37:51', 'Opération de pret', 1),
(260, 'LAPTOP-7DH5AJM1/127.0.0.1', 'domtchom d', '2022-02-01 14:47:53', 'Opération de pret', 1),
(261, 'LAPTOP-7DH5AJM1/127.0.0.1', 'kamgang f <<Emprinte a>> kebiwou ko', '2022-02-01 15:00:54', 'Opération de pret', 1),
(262, 'LAPTOP-7DH5AJM1/127.0.0.1', 'téfang a', '2022-02-01 15:07:51', 'Opération de pret', 1),
(263, 'LAPTOP-7DH5AJM1/127.0.0.1', 'Pas de cible', '2022-03-01 16:25:20', 'Operation de connection', 1),
(264, 'LAPTOP-7DH5AJM1/127.0.0.1', 'béne  hénock', '2022-03-01 16:35:06', 'Opération de depot', 1),
(265, 'LAPTOP-7DH5AJM1/127.0.0.1', 'djonté m', '2022-03-01 16:35:46', 'Opération de depot', 1),
(266, 'LAPTOP-7DH5AJM1/127.0.0.1', 'fodjeu alex', '2022-03-01 16:36:34', 'Opération de depot', 1),
(267, 'LAPTOP-7DH5AJM1/127.0.0.1', 'fogang z', '2022-03-01 16:37:12', 'Opération de pret', 1),
(268, 'LAPTOP-7DH5AJM1/127.0.0.1', 'fomo jean r', '2022-03-01 16:37:33', 'Opération de pret', 1),
(269, 'LAPTOP-7DH5AJM1/127.0.0.1', 'fogang z', '2022-03-01 16:39:02', 'Opération de depot', 1),
(270, 'LAPTOP-7DH5AJM1/127.0.0.1', 'fomo jean r', '2022-03-01 16:40:57', 'Opération de depot', 1),
(271, 'LAPTOP-7DH5AJM1/127.0.0.1', 'Pas de cible', '2022-03-01 18:41:25', 'Operation de connection', 1),
(272, 'LAPTOP-7DH5AJM1/127.0.0.1', 'fubis joseph', '2022-03-01 18:46:10', 'Opération de depot', 1),
(273, 'LAPTOP-7DH5AJM1/127.0.0.1', 'gapin r', '2022-03-01 18:46:42', 'Opération de depot', 1),
(274, 'LAPTOP-7DH5AJM1/127.0.0.1', 'gomsu joseph', '2022-03-01 18:47:45', 'Opération de depot', 1),
(275, 'LAPTOP-7DH5AJM1/127.0.0.1', 'hapi e', '2022-03-01 18:48:14', 'Opération de depot', 1),
(276, 'LAPTOP-7DH5AJM1/127.0.0.1', 'kambou robert', '2022-03-01 18:48:52', 'Opération de depot', 1),
(277, 'LAPTOP-7DH5AJM1/127.0.0.1', 'kamga jean p', '2022-03-01 18:50:22', 'Opération de depot', 1),
(278, 'LAPTOP-7DH5AJM1/127.0.0.1', 'kamgang andré', '2022-03-01 18:51:15', 'Opération de depot', 1),
(279, 'LAPTOP-7DH5AJM1/127.0.0.1', 'kamgang dénis', '2022-03-01 18:52:03', 'Opération de depot', 1),
(280, 'LAPTOP-7DH5AJM1/127.0.0.1', 'kamgang f', '2022-03-01 18:52:42', 'Opération de depot', 1),
(281, 'LAPTOP-7DH5AJM1/127.0.0.1', 'kamgang g', '2022-03-01 18:55:50', 'Opération de depot', 1),
(282, 'LAPTOP-7DH5AJM1/127.0.0.1', 'kamgang j', '2022-03-01 18:56:44', 'Opération de depot', 1),
(283, 'LAPTOP-7DH5AJM1/127.0.0.1', 'kamgang jd', '2022-03-01 18:57:39', 'Opération de depot', 1),
(284, 'LAPTOP-7DH5AJM1/127.0.0.1', 'kamgang jp', '2022-03-01 18:58:29', 'Opération de depot', 1),
(285, 'LAPTOP-7DH5AJM1/127.0.0.1', 'kamgang me', '2022-03-01 18:59:35', 'Opération de depot', 1),
(286, 'LAPTOP-7DH5AJM1/127.0.0.1', 'kamgang n', '2022-03-01 19:00:39', 'Opération de depot', 1),
(287, 'LAPTOP-7DH5AJM1/127.0.0.1', 'kamgang rené', '2022-03-01 19:02:18', 'Opération de depot', 1),
(288, 'LAPTOP-7DH5AJM1/127.0.0.1', 'kenmoé jb', '2022-03-01 19:03:29', 'Opération de depot', 1),
(289, 'LAPTOP-7DH5AJM1/127.0.0.1', 'kenmoé mj', '2022-03-01 19:04:24', 'Opération de depot', 1),
(290, 'LAPTOP-7DH5AJM1/127.0.0.1', 'kenmoé tj', '2022-03-01 19:05:24', 'Opération de depot', 1),
(291, 'LAPTOP-7DH5AJM1/127.0.0.1', 'kuipou e', '2022-03-01 19:06:11', 'Opération de depot', 1),
(292, 'LAPTOP-7DH5AJM1/127.0.0.1', 'kuipou r', '2022-03-01 19:07:24', 'Opération de depot', 1),
(293, 'LAPTOP-7DH5AJM1/127.0.0.1', 'maga richard', '2022-03-01 19:08:11', 'Opération de depot', 1),
(294, 'LAPTOP-7DH5AJM1/127.0.0.1', 'nganshe jp', '2022-03-01 19:09:17', 'Opération de depot', 1),
(295, 'LAPTOP-7DH5AJM1/127.0.0.1', 'nguela j', '2022-03-01 19:10:12', 'Opération de depot', 1),
(296, 'LAPTOP-7DH5AJM1/127.0.0.1', 'nopeteu m', '2022-03-01 19:11:41', 'Opération de depot', 1),
(297, 'LAPTOP-7DH5AJM1/127.0.0.1', 'noubissi pc', '2022-03-01 19:12:43', 'Opération de depot', 1),
(298, 'LAPTOP-7DH5AJM1/127.0.0.1', 'nzengang jp', '2022-03-01 19:13:50', 'Opération de depot', 1),
(299, 'LAPTOP-7DH5AJM1/127.0.0.1', 'nzeufo m', '2022-03-01 19:14:41', 'Opération de depot', 1),
(300, 'LAPTOP-7DH5AJM1/127.0.0.1', 'nzengang a', '2022-03-01 19:15:16', 'Opération de depot', 1),
(301, 'LAPTOP-7DH5AJM1/127.0.0.1', 'nzengang z', '2022-03-01 19:15:52', 'Opération de depot', 1),
(302, 'LAPTOP-7DH5AJM1/127.0.0.1', 'nzeutam p', '2022-03-01 19:17:20', 'Opération de depot', 1),
(303, 'LAPTOP-7DH5AJM1/127.0.0.1', 'phumbi j', '2022-03-01 19:18:08', 'Opération de depot', 1),
(304, 'LAPTOP-7DH5AJM1/127.0.0.1', 'pouegue j', '2022-03-01 19:18:52', 'Opération de depot', 1),
(305, 'LAPTOP-7DH5AJM1/127.0.0.1', 'takougang p', '2022-03-01 19:19:52', 'Opération de depot', 1),
(306, 'LAPTOP-7DH5AJM1/127.0.0.1', 'tamo m', '2022-03-01 19:20:33', 'Opération de depot', 1),
(307, 'LAPTOP-7DH5AJM1/127.0.0.1', 'téfang a', '2022-03-01 19:21:33', 'Opération de depot', 1),
(308, 'LAPTOP-7DH5AJM1/127.0.0.1', 'tiyou calvin', '2022-03-01 19:22:20', 'Opération de depot', 1),
(309, 'LAPTOP-7DH5AJM1/127.0.0.1', 'tongmeu g', '2022-03-01 19:23:13', 'Opération de depot', 1),
(310, 'LAPTOP-7DH5AJM1/127.0.0.1', 'tonmeu jp', '2022-03-01 19:24:19', 'Opération de depot', 1),
(311, 'LAPTOP-7DH5AJM1/127.0.0.1', 'wanga m', '2022-03-01 19:26:00', 'Opération de depot', 1),
(312, 'LAPTOP-7DH5AJM1/127.0.0.1', 'yougang fl', '2022-03-01 19:26:55', 'Opération de depot', 1),
(313, 'LAPTOP-7DH5AJM1/127.0.0.1', 'youtha r', '2022-03-01 19:28:45', 'Opération de depot', 1),
(314, 'LAPTOP-7DH5AJM1/127.0.0.1', 'bouche pierre <<Emprinte a>> nzengang jp', '2022-03-01 19:46:45', 'Opération de pret', 1),
(315, 'LAPTOP-7DH5AJM1/127.0.0.1', 'gapin r', '2022-03-01 19:49:13', 'Opération de pret', 1),
(316, 'LAPTOP-7DH5AJM1/127.0.0.1', 'gapin r <<Emprinte a>> gomsu joseph', '2022-03-01 19:50:29', 'Opération de pret', 1),
(317, 'LAPTOP-7DH5AJM1/127.0.0.1', 'kambou robert', '2022-03-01 19:51:13', 'Opération de pret', 1),
(318, 'LAPTOP-7DH5AJM1/127.0.0.1', 'kenmoé jb', '2022-03-01 19:53:14', 'Opération de pret', 1),
(319, 'LAPTOP-7DH5AJM1/127.0.0.1', 'kenmoé jb <<Emprinte a>> kamgang andré', '2022-03-01 19:53:41', 'Opération de pret', 1),
(320, 'LAPTOP-7DH5AJM1/127.0.0.1', 'kamgang f', '2022-03-01 19:55:12', 'Opération de pret', 1),
(321, 'LAPTOP-7DH5AJM1/127.0.0.1', 'kamgang j', '2022-03-01 19:56:46', 'Opération de pret', 1),
(322, 'LAPTOP-7DH5AJM1/127.0.0.1', 'kamgang jp', '2022-03-01 19:57:57', 'Opération de pret', 1),
(323, 'LAPTOP-7DH5AJM1/127.0.0.1', 'kamgang n', '2022-03-01 19:59:21', 'Opération de pret', 1),
(324, 'LAPTOP-7DH5AJM1/127.0.0.1', 'kuipou e', '2022-03-01 20:01:25', 'Opération de pret', 1),
(325, 'LAPTOP-7DH5AJM1/127.0.0.1', 'nguela j', '2022-03-01 20:05:52', 'Opération de pret', 1),
(326, 'LAPTOP-7DH5AJM1/127.0.0.1', 'nopeteu m', '2022-03-01 20:07:04', 'Opération de pret', 1),
(327, 'LAPTOP-7DH5AJM1/127.0.0.1', 'nzengang z', '2022-03-01 20:08:01', 'Opération de pret', 1),
(328, 'LAPTOP-7DH5AJM1/127.0.0.1', 'tamo m', '2022-03-01 20:10:12', 'Opération de pret', 1),
(329, 'LAPTOP-7DH5AJM1/127.0.0.1', 'téfang a', '2022-03-01 20:11:03', 'Opération de pret', 1),
(330, 'LAPTOP-7DH5AJM1/127.0.0.1', 'tiyou calvin', '2022-03-01 20:11:25', 'Opération de pret', 1),
(331, 'LAPTOP-7DH5AJM1/127.0.0.1', 'nzengang z <<Emprinte a>> tonmeu jp', '2022-03-01 20:17:24', 'Opération de pret', 1),
(332, 'LAPTOP-7DH5AJM1/127.0.0.1', 'wanga m', '2022-03-01 20:19:05', 'Opération de pret', 1),
(333, 'LAPTOP-7DH5AJM1/127.0.0.1', 'yougang fl', '2022-03-01 20:20:08', 'Opération de pret', 1),
(334, 'LAPTOP-7DH5AJM1/127.0.0.1', 'Pas de cible', '2022-03-01 21:48:58', 'Operation de connection', 1),
(335, 'LAPTOP-7DH5AJM1/127.0.0.1', 'kamgang n <<Emprinte a>> kamgang dénis', '2022-03-01 21:55:29', 'Opération de pret', 1),
(336, 'LAPTOP-7DH5AJM1/127.0.0.1', 'Pas de cible', '2022-03-02 21:08:13', 'Operation de connection', 1),
(337, 'LAPTOP-7DH5AJM1/127.0.0.1', 'Pas de cible', '2022-03-02 21:10:33', 'Operation de connection', 1),
(338, 'LAPTOP-7DH5AJM1/127.0.0.1', 'Pas de cible', '2022-03-02 21:18:08', 'Operation de connection', 1),
(339, 'LAPTOP-7DH5AJM1/127.0.0.1', 'Pas de cible', '2022-03-02 21:29:19', 'Operation de connection', 1),
(340, 'LAPTOP-7DH5AJM1/127.0.0.1', 'Pas de cible', '2022-03-02 21:31:59', 'Operation de connection', 1),
(341, 'LAPTOP-7DH5AJM1/127.0.0.1', 'Pas de cible', '2022-03-03 07:35:58', 'Operation de connection', 1);

-- --------------------------------------------------------

--
-- Structure de la table `report`
--

DROP TABLE IF EXISTS `report`;
CREATE TABLE IF NOT EXISTS `report` (
  `report_id` bigint(20) NOT NULL AUTO_INCREMENT,
  `depot` float DEFAULT NULL,
  `report` float DEFAULT NULL,
  `solde_au` float DEFAULT NULL,
  `compte_epargne_detail_id_compte_epargne_detail` bigint(20) DEFAULT NULL,
  PRIMARY KEY (`report_id`),
  KEY `FK1uf7ipvds53hny7ws9g39slfk` (`compte_epargne_detail_id_compte_epargne_detail`)
) ENGINE=MyISAM AUTO_INCREMENT=577 DEFAULT CHARSET=latin1;

--
-- Déchargement des données de la table `report`
--

INSERT INTO `report` (`report_id`, `depot`, `report`, `solde_au`, `compte_epargne_detail_id_compte_epargne_detail`) VALUES
(576, 0, 129485, 129485, NULL),
(575, 0, 110214, 110214, NULL),
(574, 5000, 880548, 875548, 265),
(573, 10000, 354428, 354428, 289),
(572, 0, 493046, 488046, 185),
(571, 10000, 608868, 608868, 288),
(570, 5000, 169056, 164056, 286),
(569, 50000, 518498, 468498, 261),
(568, 5000, 107293, 102293, 285),
(567, 10000, 1193650, 1183650, 284),
(566, 0, 129732, 119732, 180),
(565, 5000, 1048710, 1043710, 283),
(564, 5000, 483271, 483271, 257),
(563, 0, 59499, 59499, NULL),
(562, 0, 572188, 572188, NULL),
(561, 5000, 927982, 922982, 256),
(560, 5000, 499204, 494204, 255),
(559, 5000, 536184, 531184, 254),
(558, 5000, 645835, 640835, 287),
(557, 5000, 580122, 575122, 252),
(556, 5000, 2211700, 2206700, 251),
(555, 5000, 583991, 578991, 266),
(554, 10000, 1442970, 1432970, 249),
(553, 5000, 327810, 322810, 281),
(552, 0, 347794, 342794, 202),
(551, 0, 232199, 232199, NULL),
(550, 5000, 503409, 498409, 280),
(549, 0, 108036, 108036, NULL),
(548, 5000, 68997, 63997, 246),
(547, 0, 627300, 627300, NULL),
(546, 5000, 540297, 535297, 245),
(545, 0, 491983, 491983, NULL),
(544, 5000, 459418, 454418, 244),
(543, 5000, 709236, 704236, 279),
(542, 0, 153863, 153863, NULL),
(541, 10000, 639731, 629731, 242),
(540, 5000, 763072, 758072, 241),
(539, 5000, 165452, 160452, 274),
(538, 0, 591788, 586788, 160),
(537, 0, 1123780, 1103780, 214),
(536, 15000, 5696900, 5696900, 239),
(535, 10000, 651608, 641608, 291),
(534, 10000, 1645650, 1635650, 237),
(533, 10000, 121782, 116782, 277),
(532, 5000, 1903240, 1898240, 235),
(531, 5000, 501127, 496127, 276),
(530, 5000, 501914, 491914, 233),
(529, 10000, 684006, 674006, 275),
(528, 5000, 272957, 267957, 290),
(527, 5000, 187373, 182373, 273),
(526, 5000, 549988, 544988, 229),
(525, 5000, 431635, 426635, 271),
(524, 5000, 47938, 47938, 227),
(523, 5000, 518792, 513792, 269),
(522, 10000, 680152, 670152, 270),
(521, 10000, 1498020, 1488020, 224),
(520, 0, 662966, 662966, NULL),
(519, 10000, 415112, 410112, 223),
(518, 20000, 186790, 176790, 222),
(517, 10000, 31363, 26363, 219),
(516, 0, 81694, 71694, 213),
(515, 5000, 122751, 72751, 218),
(514, 0, 824769, 824769, 267),
(513, 5000, 731080, 721080, 217);

-- --------------------------------------------------------

--
-- Structure de la table `transaction`
--

DROP TABLE IF EXISTS `transaction`;
CREATE TABLE IF NOT EXISTS `transaction` (
  `transaction_id` bigint(20) NOT NULL AUTO_INCREMENT,
  `date` datetime DEFAULT NULL,
  `montant` float DEFAULT NULL,
  `type` varchar(255) DEFAULT NULL,
  `adherent_membre_id` bigint(20) DEFAULT NULL,
  `avalise_avalise_id` bigint(20) DEFAULT NULL,
  PRIMARY KEY (`transaction_id`),
  KEY `FK9y1h3j5oocgmmx1xnsfm5oxj1` (`adherent_membre_id`),
  KEY `FKbraxe8nmb2srtf0ohvwnpeuap` (`avalise_avalise_id`)
) ENGINE=MyISAM AUTO_INCREMENT=264 DEFAULT CHARSET=latin1;

--
-- Déchargement des données de la table `transaction`
--

INSERT INTO `transaction` (`transaction_id`, `date`, `montant`, `type`, `adherent_membre_id`, `avalise_avalise_id`) VALUES
(1, '2022-01-01 19:05:49', 721080, 'depot', 1, NULL),
(2, '2022-01-01 19:06:47', 824769, 'depot', 2, NULL),
(3, '2022-01-01 19:08:12', 72751, 'depot', 3, NULL),
(4, '2022-01-01 21:57:39', 71694, 'depot', 4, NULL),
(5, '2022-01-01 21:58:44', 26363, 'depot', 5, NULL),
(6, '2022-01-01 21:59:28', 176790, 'depot', 6, NULL),
(7, '2022-01-01 22:00:25', 410112, 'depot', 7, NULL),
(8, '2022-01-01 22:02:04', 662966, 'depot', 8, NULL),
(9, '2022-01-01 22:03:14', 1488020, 'depot', 9, NULL),
(10, '2022-01-01 22:04:05', 670152, 'depot', 10, NULL),
(11, '2022-01-01 22:04:55', 513792, 'depot', 11, NULL),
(12, '2022-01-01 22:05:43', 47938, 'depot', 12, NULL),
(13, '2022-01-01 22:06:30', 426635, 'depot', 13, NULL),
(14, '2022-01-01 22:07:23', 544988, 'depot', 14, NULL),
(15, '2022-01-01 22:08:08', 182373, 'depot', 15, NULL),
(16, '2022-01-01 22:08:53', 267957, 'depot', 16, NULL),
(17, '2022-01-01 22:09:47', 674006, 'depot', 17, NULL),
(18, '2022-01-01 22:11:08', 491914, 'depot', 18, NULL),
(19, '2022-01-01 22:12:24', 496127, 'depot', 19, NULL),
(20, '2022-01-01 22:13:24', 1898240, 'depot', 20, NULL),
(21, '2022-01-01 22:14:26', 116782, 'depot', 21, NULL),
(22, '2022-01-01 22:15:26', 1635650, 'depot', 22, NULL),
(23, '2022-01-01 22:16:35', 641608, 'depot', 23, NULL),
(24, '2022-01-01 22:17:57', 5696900, 'depot', 24, NULL),
(25, '2022-01-01 22:19:06', 1103780, 'depot', 25, NULL),
(26, '2022-01-01 22:20:03', 586788, 'depot', 26, NULL),
(27, '2022-01-01 22:20:48', 160452, 'depot', 27, NULL),
(28, '2022-01-01 22:21:30', 758072, 'depot', 28, NULL),
(29, '2022-01-01 22:22:12', 629731, 'depot', 29, NULL),
(30, '2022-01-01 22:22:57', 153863, 'depot', 30, NULL),
(31, '2022-01-01 22:23:35', 704236, 'depot', 31, NULL),
(32, '2022-01-01 22:24:23', 454418, 'depot', 32, NULL),
(33, '2022-01-01 22:24:59', 454418, 'depot', 33, NULL),
(34, '2022-01-01 22:27:54', 535297, 'depot', 34, NULL),
(35, '2022-01-01 22:28:30', 627300, 'depot', 35, NULL),
(36, '2022-01-01 22:29:12', 63997, 'depot', 36, NULL),
(37, '2022-01-01 22:29:56', 108036, 'depot', 37, NULL),
(38, '2022-01-01 22:35:40', 498409, 'depot', 38, NULL),
(39, '2022-01-01 22:36:30', 232199, 'depot', 39, NULL),
(40, '2022-01-01 22:39:24', 342794, 'depot', 40, NULL),
(41, '2022-01-01 22:40:31', 322810, 'depot', 41, NULL),
(42, '2022-01-01 22:41:16', 1432970, 'depot', 42, NULL),
(43, '2022-01-01 22:42:08', 578991, 'depot', 43, NULL),
(44, '2022-01-01 22:45:20', 2206700, 'depot', 44, NULL),
(45, '2022-01-01 22:46:19', 575122, 'depot', 45, NULL),
(46, '2022-01-01 22:47:38', 640835, 'depot', 46, NULL),
(47, '2022-01-01 22:48:23', 531184, 'depot', 47, NULL),
(48, '2022-01-01 22:49:07', 494204, 'depot', 48, NULL),
(49, '2022-01-01 22:50:00', 922982, 'depot', 49, NULL),
(50, '2022-01-01 22:50:40', 572188, 'depot', 50, NULL),
(51, '2022-01-01 22:51:37', 59499, 'depot', 51, NULL),
(52, '2022-01-01 22:52:19', 483271, 'depot', 52, NULL),
(53, '2022-01-01 22:52:59', 1043710, 'depot', 53, NULL),
(54, '2022-01-01 22:53:44', 119732, 'depot', 54, NULL),
(55, '2022-01-01 22:54:32', 1183650, 'depot', 55, NULL),
(56, '2022-01-01 22:55:11', 102293, 'depot', 56, NULL),
(57, '2022-01-01 22:55:49', 468498, 'depot', 57, NULL),
(58, '2022-01-01 22:56:28', 164056, 'depot', 58, NULL),
(59, '2022-01-01 22:57:05', 608868, 'depot', 59, NULL),
(60, '2022-01-01 22:57:37', 488046, 'depot', 60, NULL),
(61, '2022-01-01 22:58:19', 354428, 'depot', 61, NULL),
(62, '2022-01-01 22:59:20', 875548, 'depot', 62, NULL),
(63, '2022-01-01 23:00:04', 110214, 'depot', 63, NULL),
(64, '2022-01-01 23:00:45', 129485, 'depot', 64, NULL),
(65, '2022-01-01 23:02:29', 700000, 'pret', 1, NULL),
(66, '2022-01-01 23:03:15', 824769, 'pret', 2, NULL),
(67, '2022-01-01 23:04:42', 78991, 'pret', 2, NULL),
(68, '2022-01-01 23:05:55', 400000, 'pret', 7, NULL),
(69, '2022-01-01 23:07:03', 1000000, 'pret', 9, NULL),
(70, '2022-01-01 23:08:00', 670152, 'pret', 10, NULL),
(71, '2022-01-01 23:08:48', 13792, 'pret', 10, NULL),
(72, '2022-01-01 23:09:41', 300000, 'pret', 10, NULL),
(73, '2022-01-01 23:31:52', 500000, 'pret', 11, NULL),
(74, '2022-01-01 23:33:09', 426635, 'pret', 13, NULL),
(75, '2022-01-01 23:34:31', 100000, 'pret', 15, NULL),
(76, '2022-01-01 23:35:54', 674006, 'pret', 17, NULL),
(77, '2022-01-01 23:37:21', 400000, 'pret', 18, NULL),
(78, '2022-01-01 23:38:25', 496127, 'pret', 19, NULL),
(79, '2022-01-01 23:39:46', 1000000, 'pret', 20, NULL),
(80, '2022-01-01 23:42:00', 116782, 'pret', 21, NULL),
(81, '2022-01-01 23:43:20', 150000, 'pret', 21, NULL),
(82, '2022-01-01 23:44:48', 300000, 'pret', 22, NULL),
(83, '2022-01-01 23:51:08', 641608, 'pret', 23, NULL),
(84, '2022-01-01 23:53:10', 150000, 'pret', 23, NULL),
(85, '2022-01-01 23:54:26', 100000, 'pret', 23, NULL),
(86, '2022-01-01 23:55:38', 1600000, 'pret', 24, NULL),
(87, '2022-01-01 23:57:07', 160452, 'pret', 27, NULL),
(88, '2022-01-01 23:58:30', 82373, 'pret', 27, NULL),
(89, '2022-01-01 23:59:45', 150000, 'pret', 27, NULL),
(90, '2022-01-02 00:01:16', 100000, 'pret', 27, NULL),
(91, '2022-01-02 00:04:09', 164056, 'pret', 27, NULL),
(92, '2022-01-02 00:05:18', 200000, 'pret', 27, NULL),
(93, '2022-01-02 00:06:35', 704236, 'pret', 31, NULL),
(94, '2022-01-02 00:07:24', 200000, 'pret', 32, NULL),
(95, '2022-01-02 00:09:55', 627300, 'pret', 35, NULL),
(96, '2022-01-02 00:11:07', 235000, 'pret', 35, NULL),
(97, '2022-01-02 00:12:34', 498409, 'pret', 38, NULL),
(98, '2022-01-02 00:14:10', 342794, 'pret', 40, NULL),
(99, '2022-01-02 00:15:12', 322810, 'pret', 41, NULL),
(100, '2022-01-02 00:16:10', 1000000, 'pret', 42, NULL),
(101, '2022-01-02 00:17:24', 500000, 'pret', 43, NULL),
(102, '2022-01-02 00:18:16', 100000, 'pret', 45, NULL),
(103, '2022-01-02 00:18:56', 494204, 'pret', 48, NULL),
(104, '2022-01-02 00:19:31', 922982, 'pret', 49, NULL),
(105, '2022-01-02 00:20:16', 50000, 'pret', 49, NULL),
(106, '2022-01-02 00:21:12', 100000, 'pret', 49, NULL),
(107, '2022-01-02 00:24:12', 300000, 'pret', 52, NULL),
(108, '2022-01-02 00:25:16', 1043710, 'pret', 53, NULL),
(109, '2022-01-02 00:26:35', 200000, 'pret', 55, NULL),
(110, '2022-01-02 00:27:58', 102293, 'pret', 56, NULL),
(111, '2022-01-02 00:32:08', 37565, 'depot', 33, NULL),
(112, '2022-01-02 00:35:24', 491983, 'pret', 56, NULL),
(113, '2022-01-02 00:36:43', 608868, 'pret', 59, NULL),
(114, '2022-01-02 00:37:27', 250000, 'pret', 59, NULL),
(115, '2022-01-02 00:38:46', 354428, 'pret', 61, NULL),
(116, '2022-01-02 00:39:55', 200000, 'pret', 61, NULL),
(117, '2022-01-02 00:41:13', 45572, 'pret', 61, NULL),
(118, '2022-01-02 00:41:54', 200000, 'pret', 62, NULL),
(119, '2022-01-02 00:48:37', 640835, 'pret', 46, NULL),
(120, '2022-02-01 13:09:27', 10000, 'depot', 1, NULL),
(121, '2022-02-01 13:10:14', 50000, 'depot', 3, NULL),
(122, '2022-02-01 13:10:57', 10000, 'depot', 4, NULL),
(123, '2022-02-01 13:11:48', 5000, 'depot', 5, NULL),
(124, '2022-02-01 13:12:45', 10000, 'depot', 6, NULL),
(125, '2022-02-01 13:13:36', 5000, 'depot', 7, NULL),
(126, '2022-02-01 13:14:51', 10000, 'depot', 9, NULL),
(127, '2022-02-01 13:15:55', 10000, 'depot', 10, NULL),
(128, '2022-02-01 13:16:24', 5000, 'depot', 11, NULL),
(129, '2022-02-01 13:17:24', 5000, 'depot', 13, NULL),
(130, '2022-02-01 13:17:56', 5000, 'depot', 14, NULL),
(131, '2022-02-01 13:18:23', 5000, 'depot', 15, NULL),
(132, '2022-02-01 13:18:58', 5000, 'depot', 16, NULL),
(133, '2022-02-01 13:19:53', 10000, 'depot', 17, NULL),
(134, '2022-02-01 13:21:27', 10000, 'depot', 18, NULL),
(135, '2022-02-01 13:22:18', 5000, 'depot', 19, NULL),
(136, '2022-02-01 13:23:17', 5000, 'depot', 20, NULL),
(137, '2022-02-01 13:23:56', 5000, 'depot', 21, NULL),
(138, '2022-02-01 13:24:39', 10000, 'depot', 22, NULL),
(139, '2022-02-01 13:25:21', 10000, 'depot', 23, NULL),
(140, '2022-02-01 13:26:25', 20000, 'depot', 25, NULL),
(141, '2022-02-01 13:26:55', 5000, 'depot', 26, NULL),
(142, '2022-02-01 13:31:26', 5000, 'pret', 26, NULL),
(143, '2022-02-01 13:34:53', 5000, 'depot', 27, NULL),
(144, '2022-02-01 13:36:00', 5000, 'depot', 28, NULL),
(145, '2022-02-01 13:36:52', 10000, 'depot', 29, NULL),
(146, '2022-02-01 13:37:58', 5000, 'depot', 31, NULL),
(147, '2022-02-01 13:41:08', 5000, 'depot', 32, NULL),
(148, '2022-02-01 13:41:53', 5000, 'depot', 34, NULL),
(149, '2022-02-01 13:42:49', 5000, 'depot', 36, NULL),
(150, '2022-02-01 13:43:15', 5000, 'depot', 38, NULL),
(151, '2022-02-01 13:43:50', 5000, 'depot', 40, NULL),
(152, '2022-02-01 13:44:21', 5000, 'depot', 41, NULL),
(153, '2022-02-01 13:52:41', 10000, 'depot', 42, NULL),
(154, '2022-02-01 13:53:29', 5000, 'depot', 43, NULL),
(155, '2022-02-01 13:54:11', 5000, 'depot', 44, NULL),
(156, '2022-02-01 13:54:47', 5000, 'depot', 45, NULL),
(157, '2022-02-01 13:55:24', 5000, 'depot', 46, NULL),
(158, '2022-02-01 13:56:06', 5000, 'depot', 47, NULL),
(159, '2022-02-01 13:56:37', 5000, 'depot', 48, NULL),
(160, '2022-02-01 13:57:26', 5000, 'depot', 49, NULL),
(161, '2022-02-01 13:57:53', 5000, 'depot', 53, NULL),
(162, '2022-02-01 13:58:25', 10000, 'depot', 54, NULL),
(163, '2022-02-01 13:58:59', 10000, 'depot', 55, NULL),
(164, '2022-02-01 13:59:31', 5000, 'depot', 56, NULL),
(165, '2022-02-01 14:00:01', 50000, 'depot', 57, NULL),
(166, '2022-02-01 14:00:42', 5000, 'depot', 58, NULL),
(167, '2022-02-01 14:02:36', 5000, 'depot', 60, NULL),
(168, '2022-02-01 14:02:58', 5000, 'depot', 62, NULL),
(169, '2022-02-01 14:09:44', 10000, 'pret', 4, NULL),
(170, '2022-02-01 14:10:33', 10000, 'pret', 10, NULL),
(171, '2022-02-01 14:12:03', 5000, 'pret', 10, NULL),
(172, '2022-02-01 14:12:51', 5000, 'pret', 13, NULL),
(173, '2022-02-01 14:14:16', 5000, 'pret', 27, NULL),
(174, '2022-02-01 14:14:28', 5000, 'pret', 27, NULL),
(175, '2022-02-01 14:15:49', 10000, 'pret', 17, NULL),
(176, '2022-02-01 14:16:56', 5000, 'pret', 19, NULL),
(177, '2022-02-01 14:18:28', 10000, 'pret', 23, NULL),
(178, '2022-02-01 14:19:59', 5000, 'pret', 21, NULL),
(179, '2022-02-01 14:21:00', 5000, 'pret', 31, NULL),
(180, '2022-02-01 14:22:40', 5000, 'pret', 56, NULL),
(181, '2022-02-01 14:24:17', 5000, 'pret', 38, NULL),
(182, '2022-02-01 14:27:12', 5000, 'pret', 40, NULL),
(183, '2022-02-01 14:27:41', 5000, 'pret', 41, NULL),
(184, '2022-02-01 14:30:14', 5000, 'pret', 2, NULL),
(185, '2022-02-01 14:33:02', 5000, 'pret', 46, NULL),
(186, '2022-02-01 14:33:25', 5000, 'pret', 48, NULL),
(187, '2022-02-01 14:34:01', 5000, 'pret', 49, NULL),
(188, '2022-02-01 14:35:09', 5000, 'pret', 53, NULL),
(189, '2022-02-01 14:35:45', 10000, 'pret', 55, NULL),
(190, '2022-02-01 14:37:51', 5000, 'pret', 27, NULL),
(191, '2022-02-01 14:47:53', 71694, 'pret', 4, NULL),
(192, '2022-02-01 15:00:54', 400000, 'pret', 17, NULL),
(193, '2022-02-01 15:07:51', 983650, 'pret', 55, NULL),
(194, '2022-03-01 16:35:06', 5000, 'depot', 1, NULL),
(195, '2022-03-01 16:35:46', 5000, 'depot', 3, NULL),
(196, '2022-03-01 16:36:34', 10000, 'depot', 5, NULL),
(197, '2022-03-01 16:37:12', 10000, 'pret', 6, NULL),
(198, '2022-03-01 16:37:33', 5000, 'pret', 7, NULL),
(199, '2022-03-01 16:39:02', 20000, 'depot', 6, NULL),
(200, '2022-03-01 16:40:57', 10000, 'depot', 7, NULL),
(201, '2022-03-01 18:46:10', 10000, 'depot', 9, NULL),
(202, '2022-03-01 18:46:42', 10000, 'depot', 10, NULL),
(203, '2022-03-01 18:47:45', 5000, 'depot', 11, NULL),
(204, '2022-03-01 18:48:14', 5000, 'depot', 12, NULL),
(205, '2022-03-01 18:48:52', 5000, 'depot', 13, NULL),
(206, '2022-03-01 18:50:22', 5000, 'depot', 14, NULL),
(207, '2022-03-01 18:51:15', 5000, 'depot', 15, NULL),
(208, '2022-03-01 18:52:03', 5000, 'depot', 16, NULL),
(209, '2022-03-01 18:52:42', 10000, 'depot', 17, NULL),
(210, '2022-03-01 18:55:50', 5000, 'depot', 18, NULL),
(211, '2022-03-01 18:56:44', 5000, 'depot', 19, NULL),
(212, '2022-03-01 18:57:39', 5000, 'depot', 20, NULL),
(213, '2022-03-01 18:58:29', 10000, 'depot', 21, NULL),
(214, '2022-03-01 18:59:35', 10000, 'depot', 22, NULL),
(215, '2022-03-01 19:00:39', 10000, 'depot', 23, NULL),
(216, '2022-03-01 19:02:18', 15000, 'depot', 24, NULL),
(217, '2022-03-01 19:03:29', 5000, 'depot', 27, NULL),
(218, '2022-03-01 19:04:24', 5000, 'depot', 28, NULL),
(219, '2022-03-01 19:05:24', 10000, 'depot', 29, NULL),
(220, '2022-03-01 19:06:11', 5000, 'depot', 31, NULL),
(221, '2022-03-01 19:07:24', 5000, 'depot', 32, NULL),
(222, '2022-03-01 19:08:11', 5000, 'depot', 34, NULL),
(223, '2022-03-01 19:09:17', 5000, 'depot', 36, NULL),
(224, '2022-03-01 19:10:12', 5000, 'depot', 38, NULL),
(225, '2022-03-01 19:11:41', 5000, 'depot', 41, NULL),
(226, '2022-03-01 19:12:43', 10000, 'depot', 42, NULL),
(227, '2022-03-01 19:13:50', 5000, 'depot', 43, NULL),
(228, '2022-03-01 19:14:41', 5000, 'depot', 44, NULL),
(229, '2022-03-01 19:15:16', 5000, 'depot', 45, NULL),
(230, '2022-03-01 19:15:52', 5000, 'depot', 46, NULL),
(231, '2022-03-01 19:17:20', 5000, 'depot', 47, NULL),
(232, '2022-03-01 19:18:08', 5000, 'depot', 48, NULL),
(233, '2022-03-01 19:18:52', 5000, 'depot', 49, NULL),
(234, '2022-03-01 19:19:52', 5000, 'depot', 52, NULL),
(235, '2022-03-01 19:20:33', 5000, 'depot', 53, NULL),
(236, '2022-03-01 19:21:33', 10000, 'depot', 55, NULL),
(237, '2022-03-01 19:22:20', 5000, 'depot', 56, NULL),
(238, '2022-03-01 19:23:13', 50000, 'depot', 57, NULL),
(239, '2022-03-01 19:24:19', 5000, 'depot', 58, NULL),
(240, '2022-03-01 19:26:00', 10000, 'depot', 59, NULL),
(241, '2022-03-01 19:26:55', 10000, 'depot', 61, NULL),
(242, '2022-03-01 19:28:45', 5000, 'depot', 62, NULL),
(243, '2022-03-01 19:46:45', 5000, 'pret', 2, NULL),
(244, '2022-03-01 19:49:13', 10000, 'pret', 10, NULL),
(245, '2022-03-01 19:50:29', 5000, 'pret', 10, NULL),
(246, '2022-03-01 19:51:13', 5000, 'pret', 13, NULL),
(247, '2022-03-01 19:53:14', 5000, 'pret', 27, NULL),
(248, '2022-03-01 19:53:41', 5000, 'pret', 27, NULL),
(249, '2022-03-01 19:55:12', 10000, 'pret', 17, NULL),
(250, '2022-03-01 19:56:46', 5000, 'pret', 19, NULL),
(251, '2022-03-01 19:57:57', 10000, 'pret', 21, NULL),
(252, '2022-03-01 19:59:21', 10000, 'pret', 23, NULL),
(253, '2022-03-01 20:01:25', 5000, 'pret', 31, NULL),
(254, '2022-03-01 20:05:52', 5000, 'pret', 38, NULL),
(255, '2022-03-01 20:07:04', 5000, 'pret', 41, NULL),
(256, '2022-03-01 20:08:01', 5000, 'pret', 46, NULL),
(257, '2022-03-01 20:10:12', 5000, 'pret', 53, NULL),
(258, '2022-03-01 20:11:03', 10000, 'pret', 55, NULL),
(259, '2022-03-01 20:11:25', 5000, 'pret', 56, NULL),
(260, '2022-03-01 20:17:24', 5000, 'pret', 46, NULL),
(261, '2022-03-01 20:19:05', 10000, 'pret', 59, NULL),
(262, '2022-03-01 20:20:08', 10000, 'pret', 61, NULL),
(263, '2022-03-01 21:55:29', 150000, 'pret', 23, NULL);

-- --------------------------------------------------------

--
-- Structure de la table `user`
--

DROP TABLE IF EXISTS `user`;
CREATE TABLE IF NOT EXISTS `user` (
  `id` bigint(20) NOT NULL AUTO_INCREMENT,
  `dob` tinyblob,
  `email` varchar(255) DEFAULT NULL,
  `first_name` varchar(255) DEFAULT NULL,
  `gender` varchar(255) DEFAULT NULL,
  `last_name` varchar(255) DEFAULT NULL,
  `password` varchar(255) DEFAULT NULL,
  `role` varchar(255) DEFAULT NULL,
  PRIMARY KEY (`id`)
) ENGINE=MyISAM DEFAULT CHARSET=latin1;

-- --------------------------------------------------------

--
-- Structure de la table `utilisateur`
--

DROP TABLE IF EXISTS `utilisateur`;
CREATE TABLE IF NOT EXISTS `utilisateur` (
  `user_id` bigint(20) NOT NULL,
  `pseudo` varchar(255) DEFAULT NULL,
  `membre_id` bigint(20) NOT NULL,
  PRIMARY KEY (`user_id`),
  KEY `FKm3wxmj1mhs46cn5chsegkofl5` (`membre_id`)
) ENGINE=MyISAM DEFAULT CHARSET=latin1;

--
-- Déchargement des données de la table `utilisateur`
--

INSERT INTO `utilisateur` (`user_id`, `pseudo`, `membre_id`) VALUES
(1, 'bk', 1);
COMMIT;

/*!40101 SET CHARACTER_SET_CLIENT=@OLD_CHARACTER_SET_CLIENT */;
/*!40101 SET CHARACTER_SET_RESULTS=@OLD_CHARACTER_SET_RESULTS */;
/*!40101 SET COLLATION_CONNECTION=@OLD_COLLATION_CONNECTION */;
